idBase,_acc,tempo_treino,tempo_teste
778,1.0,0.0,0.0
778,1.0,0.013920783996582031,0.001997232437133789
778,1.0,0.0041849613189697266,0.0013637542724609375
778,1.0,0.003426074981689453,0.0
778,1.0,0.004806995391845703,0.0010018348693847656
778,1.0,0.0031456947326660156,0.0022521018981933594
778,1.0,0.0030553340911865234,0.0018036365509033203
778,1.0,0.004380464553833008,0.0012764930725097656
778,1.0,0.0030350685119628906,0.0
778,0.96,0.0,0.006150007247924805
