idBase,_acc,tempo_treino,tempo_teste
1551,0.275,0.330843448638916,0.0
1551,0.475,0.362396240234375,0.015622377395629883
1551,0.225,0.33647823333740234,0.01564311981201172
1551,0.375,0.31450700759887695,0.02339339256286621
1551,0.375,0.2734355926513672,0.01934027671813965
1551,0.25,0.283489465713501,0.008937835693359375
1551,0.275,0.2813575267791748,0.015625
1551,0.475,0.3162097930908203,0.0
1551,0.425,0.29242634773254395,0.016100406646728516
1551,0.225,0.2920701503753662,0.010343074798583984
