idBase,_acc,tempo_treino,tempo_teste
885,1.0,0.13300609588623047,0.010037660598754883
885,1.0,0.13139843940734863,0.02429509162902832
885,1.0,0.11002898216247559,0.0
885,1.0,0.13389229774475098,0.0
885,1.0,0.13186120986938477,0.0
885,1.0,0.14056730270385742,0.0
885,0.9230769230769231,0.15957140922546387,0.0
885,1.0,0.13698625564575195,0.0
885,1.0,0.16578245162963867,0.010146141052246094
885,0.9230769230769231,0.15567779541015625,0.015614032745361328
