idBase,_acc,tempo_treino,tempo_teste
726,0.8,0.15839290618896484,0.018180370330810547
726,0.6,0.19572162628173828,0.018990755081176758
726,0.8,0.14622855186462402,0.02244400978088379
726,0.9,0.1450362205505371,0.0
726,0.9,0.15011072158813477,0.01761484146118164
726,0.7,0.19739317893981934,0.0
726,0.7,0.16879701614379883,0.015644073486328125
726,1.0,0.2277824878692627,0.020766496658325195
726,0.8,0.1909480094909668,0.01016545295715332
726,0.8,0.20958304405212402,0.011162519454956055
