idBase,_acc,tempo_treino,tempo_teste
726,0.8,0.1262514591217041,0.015585660934448242
726,0.6,0.14139175415039062,0.015639781951904297
726,0.8,0.10704898834228516,0.015698671340942383
726,0.9,0.10876750946044922,0.015618324279785156
726,0.9,0.11783099174499512,0.0
726,0.7,0.12045645713806152,0.01569223403930664
726,0.7,0.11584949493408203,0.0
726,1.0,0.14690089225769043,0.0
726,0.8,0.11595034599304199,0.006070613861083984
726,0.8,0.10036540031433105,0.0
