idBase,_acc,tempo_treino,tempo_teste
730,0.96,0.12622690200805664,0.0
730,0.92,0.11780190467834473,0.015663623809814453
730,0.88,0.11401009559631348,0.006559133529663086
730,0.88,0.11606073379516602,0.0
730,0.92,0.1315293312072754,0.0
730,0.84,0.11598634719848633,0.0
730,0.96,0.1380465030670166,0.0
730,0.92,0.11558032035827637,0.0
730,0.88,0.1472172737121582,0.021799325942993164
730,1.0,0.1159052848815918,0.01563715934753418
