idBase,_acc,tempo_treino,tempo_teste
730,0.96,0.133253812789917,0.0
730,0.92,0.14334321022033691,0.0
730,0.88,0.14978694915771484,0.01556849479675293
730,0.88,0.1515512466430664,0.015616893768310547
730,0.92,0.13271021842956543,0.0
730,0.84,0.14988040924072266,0.01934218406677246
730,0.96,0.16429376602172852,0.0
730,0.92,0.232072114944458,0.0
730,0.88,0.1691420078277588,0.0156252384185791
730,1.0,0.20589542388916016,0.015625953674316406
