idBase,_acc,tempo_treino,tempo_teste
744,0.84,0.14409780502319336,0.015574932098388672
744,0.88,0.16097140312194824,0.008014202117919922
744,0.88,0.18123197555541992,0.019832134246826172
744,0.92,0.1652686595916748,0.0
744,0.84,0.14227938652038574,0.0105133056640625
744,0.92,0.15445566177368164,0.0
744,0.84,0.21651124954223633,0.019069910049438477
744,0.8,0.16424083709716797,0.016076326370239258
744,0.84,0.22513413429260254,0.008576631546020508
744,0.8,0.20273804664611816,0.017877817153930664
