idBase,_acc,tempo_treino,tempo_teste
754,1.0,0.12639212608337402,0.0
754,0.8,0.1107480525970459,0.0
754,0.8,0.14017009735107422,0.017806529998779297
754,0.7,0.1416313648223877,0.0
754,0.8,0.13924026489257812,0.0
754,1.0,0.19227075576782227,0.01563239097595215
754,0.8,0.15906262397766113,0.0
754,0.9,0.21638035774230957,0.025137901306152344
754,0.8,0.2202455997467041,0.006514549255371094
754,0.6,0.1782681941986084,0.022166728973388672
