idBase,_acc,tempo_treino,tempo_teste
754,1.0,0.1411576271057129,0.0
754,0.8,0.13207626342773438,0.015622138977050781
754,0.8,0.12150406837463379,0.01569533348083496
754,0.7,0.13337016105651855,0.0
754,0.8,0.11393618583679199,0.0
754,1.0,0.11544609069824219,0.0
754,0.8,0.12260603904724121,0.0
754,0.9,0.11590766906738281,0.015625476837158203
754,0.8,0.10028338432312012,0.015618562698364258
754,0.6,0.1022636890411377,0.013327598571777344
