idBase,_acc,tempo_treino,tempo_teste
776,0.84,0.13162446022033691,0.015635967254638672
776,0.88,0.12237954139709473,0.01566028594970703
776,0.68,0.11588239669799805,0.0
776,0.84,0.13165569305419922,0.0
776,0.84,0.1225125789642334,0.0
776,0.92,0.13375496864318848,0.0013039112091064453
776,0.88,0.14216923713684082,0.0
776,0.92,0.12245559692382812,0.015625476837158203
776,0.8,0.11584711074829102,0.015664339065551758
776,0.96,0.11599445343017578,0.0
