idBase,_acc,tempo_treino,tempo_teste
792,0.9,0.17952942848205566,0.019247055053710938
792,0.76,0.17981815338134766,0.015563249588012695
792,0.88,0.20087313652038574,0.012163639068603516
792,0.9,0.1987764835357666,0.0020678043365478516
792,0.92,0.2160634994506836,0.010257959365844727
792,0.94,0.2253117561340332,0.0
792,0.92,0.222306489944458,0.0
792,0.88,0.20215368270874023,0.015627145767211914
792,0.96,0.18353867530822754,0.017852306365966797
792,0.94,0.16310715675354004,0.01859259605407715
