idBase,_acc,tempo_treino,tempo_teste
799,0.85,0.22978663444519043,0.011475801467895508
799,0.9,0.23940014839172363,0.00831913948059082
799,0.88,0.23105216026306152,0.010013580322265625
799,0.9,0.23308277130126953,0.008150815963745117
799,0.9,0.2728145122528076,0.002100229263305664
799,0.86,0.2254626750946045,0.018838882446289062
799,0.88,0.23464441299438477,0.0
799,0.93,0.23254179954528809,0.01044321060180664
799,0.86,0.23949289321899414,0.0
799,0.9,0.24498915672302246,0.008146047592163086
