idBase,_acc,tempo_treino,tempo_teste
813,0.92,0.33600950241088867,0.0
813,0.89,0.26970839500427246,0.0
813,0.91,0.2479846477508545,0.0
813,0.91,0.3968958854675293,0.025621414184570312
813,0.83,0.3404228687286377,0.0
813,0.94,0.28107643127441406,0.0
813,0.95,0.2812018394470215,0.0020744800567626953
813,0.89,0.2962000370025635,0.010200977325439453
813,0.92,0.3043396472930908,0.018442630767822266
813,0.88,0.2653653621673584,0.015673160552978516
