idBase,_acc,tempo_treino,tempo_teste
850,0.9,0.17112255096435547,0.008012533187866211
850,0.8,0.14707660675048828,0.0
850,0.5,0.15329694747924805,0.015640735626220703
850,0.3,0.2100381851196289,0.011444568634033203
850,0.9,0.16346263885498047,0.015639781951904297
850,0.6,0.14232492446899414,0.017404556274414062
850,0.9,0.15601229667663574,0.017636775970458984
850,0.6,0.12509441375732422,0.015617609024047852
850,0.9,0.1566014289855957,0.019857168197631836
850,0.6,0.14821815490722656,0.0
