idBase,_acc,tempo_treino,tempo_teste
850,0.9,0.11156249046325684,0.01558232307434082
850,0.8,0.14727091789245605,0.0034296512603759766
850,0.5,0.13135433197021484,0.0
850,0.3,0.16246581077575684,0.00658416748046875
850,0.9,0.16284465789794922,0.0
850,0.6,0.15322279930114746,0.0
850,0.9,0.13504862785339355,0.0
850,0.6,0.1617722511291504,0.0
850,0.9,0.1547224521636963,0.002178668975830078
850,0.6,0.15555167198181152,0.010119199752807617
