idBase,_acc,tempo_treino,tempo_teste
868,0.7,0.14297699928283691,0.0
868,0.9,0.14946293830871582,0.0
868,0.9,0.15595149993896484,0.015678882598876953
868,0.8,0.17438173294067383,0.0
868,0.7,0.11651968955993652,0.015612602233886719
868,0.7,0.12293672561645508,0.0
868,0.8,0.16282200813293457,0.0
868,0.8,0.13753747940063477,0.0
868,0.7,0.12821149826049805,0.015660762786865234
868,0.9,0.11565685272216797,0.015614509582519531
