idBase,_acc,tempo_treino,tempo_teste
870,0.86,0.2161414623260498,0.008100032806396484
870,0.96,0.21073412895202637,0.019132614135742188
870,0.8,0.21193933486938477,0.0
870,0.86,0.21480703353881836,0.015625476837158203
870,0.96,0.24282026290893555,0.010116338729858398
870,0.96,0.25742197036743164,0.0
870,0.88,0.2335362434387207,0.021782875061035156
870,0.92,0.20069074630737305,0.01365971565246582
870,0.88,0.1907196044921875,0.01015615463256836
870,0.8,0.17302751541137695,0.01819014549255371
