idBase,_acc,tempo_treino,tempo_teste
884,0.86,0.16713929176330566,0.0
884,0.84,0.16864228248596191,0.0
884,0.9,0.18184924125671387,0.008350133895874023
884,0.82,0.16074776649475098,0.016901731491088867
884,0.84,0.15440940856933594,0.015617847442626953
884,0.82,0.1804811954498291,0.008649826049804688
884,0.88,0.17218327522277832,0.015592813491821289
884,0.84,0.1691598892211914,0.008168697357177734
884,0.9,0.1737515926361084,0.0
884,0.92,0.15211033821105957,0.01562047004699707
