idBase,_acc,tempo_treino,tempo_teste
900,0.525,0.3320159912109375,0.0
900,0.45,0.23291611671447754,0.016717195510864258
900,0.5,0.20519566535949707,0.0
900,0.575,0.23110270500183105,0.0
900,0.475,0.28435826301574707,0.010130167007446289
900,0.475,0.2145688533782959,0.010183095932006836
900,0.525,0.22767329216003418,0.012330293655395508
900,0.45,0.1896822452545166,0.010180950164794922
900,0.575,0.19278550148010254,0.00811624526977539
900,0.5,0.22373604774475098,0.016959190368652344
