idBase,_acc,tempo_treino,tempo_teste
911,0.8,0.13426566123962402,0.015578031539916992
911,0.84,0.16196560859680176,0.0
911,0.88,0.16910195350646973,0.015580415725708008
911,1.0,0.1561756134033203,0.0
911,0.84,0.14722609519958496,0.016726255416870117
911,0.92,0.13469743728637695,0.015640974044799805
911,0.76,0.2002565860748291,0.03850102424621582
911,0.96,0.2458810806274414,0.01564788818359375
911,0.96,0.23195981979370117,0.02048492431640625
911,0.92,0.20062541961669922,0.0
