idBase,_acc,tempo_treino,tempo_teste
911,0.8,0.1264936923980713,0.0
911,0.84,0.1451091766357422,0.01566028594970703
911,0.88,0.1707446575164795,0.013512372970581055
911,1.0,0.11090874671936035,0.0
911,0.84,0.13157224655151367,0.0
911,0.92,0.1634843349456787,0.005549907684326172
911,0.76,0.16141104698181152,0.0222933292388916
911,0.96,0.1609959602355957,0.0
911,0.96,0.13287353515625,0.017032384872436523
911,0.92,0.12628436088562012,0.016897201538085938
