idBase,_acc,tempo_treino,tempo_teste
912,0.92,0.3602640628814697,0.015610694885253906
912,0.92,0.3386211395263672,0.02265334129333496
912,0.96,0.3782155513763428,0.021834850311279297
912,0.92,0.394228458404541,0.01563262939453125
912,0.97,0.3848996162414551,0.0
912,0.89,0.3372635841369629,0.0
912,0.95,0.3067498207092285,0.019153118133544922
912,0.91,0.34872007369995117,0.015108346939086914
912,0.96,0.3989701271057129,0.02215862274169922
912,0.93,0.31481480598449707,0.017961978912353516
