idBase,_acc,tempo_treino,tempo_teste
912,0.92,0.21618199348449707,0.015557527542114258
912,0.92,0.23790955543518066,0.01567673683166504
912,0.96,0.300814151763916,0.015638351440429688
912,0.92,0.28518199920654297,0.0
912,0.97,0.2631416320800781,0.01568460464477539
912,0.89,0.22301888465881348,0.015547990798950195
912,0.95,0.2852358818054199,0.01562643051147461
912,0.91,0.24723339080810547,0.01566481590270996
912,0.96,0.257643461227417,0.0
912,0.93,0.22734618186950684,0.0
