idBase,_acc,tempo_treino,tempo_teste
913,0.91,0.3412647247314453,0.015625
913,0.9,0.2853419780731201,0.015671253204345703
913,0.92,0.3930361270904541,0.0
913,0.95,0.3492105007171631,0.015641450881958008
913,0.9,0.43803977966308594,0.015625476837158203
913,0.92,0.33208584785461426,0.015659809112548828
913,0.88,0.3164510726928711,0.015671968460083008
913,0.88,0.3432011604309082,0.00878596305847168
913,0.88,0.33600354194641113,0.0
913,0.93,0.2992892265319824,0.008134841918945312
