idBase,_acc,tempo_treino,tempo_teste
922,0.5,0.21688413619995117,0.010771512985229492
922,0.9,0.2124016284942627,0.0
922,0.6,0.13143277168273926,0.0156400203704834
922,1.0,0.13161396980285645,0.006555080413818359
922,0.7,0.11605620384216309,0.015609502792358398
922,0.8,0.11598348617553711,0.015626192092895508
922,1.0,0.1335887908935547,0.004512786865234375
922,1.0,0.11592721939086914,0.02007460594177246
922,1.0,0.1112067699432373,0.015628576278686523
922,0.9,0.10237932205200195,0.0
