idBase,_acc,tempo_treino,tempo_teste
922,0.5,0.16208696365356445,0.01954197883605957
922,0.9,0.16411614418029785,0.0
922,0.6,0.20079994201660156,0.01685619354248047
922,1.0,0.1666719913482666,0.01561737060546875
922,0.7,0.15732669830322266,0.011518001556396484
922,0.8,0.1528763771057129,0.015625
922,1.0,0.18953800201416016,0.018008947372436523
922,1.0,0.286043643951416,0.024914026260375977
922,1.0,0.2575039863586426,0.0
922,0.9,0.23623418807983398,0.0
