idBase,_acc,tempo_treino,tempo_teste
970,0.9882352941176471,0.2393348217010498,0.0
970,1.0,0.2322983741760254,0.0021653175354003906
970,1.0,0.2177281379699707,0.01557302474975586
970,1.0,0.22274041175842285,0.0
970,1.0,0.20054388046264648,0.015611648559570312
970,1.0,0.2025284767150879,0.015681028366088867
970,1.0,0.2359144687652588,0.0
970,0.9880952380952381,0.23352718353271484,0.008159637451171875
970,1.0,0.21277618408203125,0.008041858673095703
970,1.0,0.18866777420043945,0.015594482421875
