idBase,_acc,tempo_treino,tempo_teste
1011,0.9117647058823529,0.0,0.0
1011,0.9117647058823529,0.0,0.0
1011,0.9411764705882353,0.002997875213623047,0.0010027885437011719
1011,0.9117647058823529,0.0,0.0
1011,0.9411764705882353,0.01587677001953125,0.0
1011,0.9411764705882353,0.0,0.0
1011,0.9090909090909091,0.016701221466064453,0.0009961128234863281
1011,0.9090909090909091,0.0,0.0
1011,0.8787878787878788,0.011933565139770508,0.0007028579711914062
1011,0.9090909090909091,0.002064228057861328,0.0
