idBase,_acc,tempo_treino,tempo_teste
1025,0.95,0.0020194053649902344,0.0
1025,0.875,0.0010266304016113281,0.0
1025,0.9,0.008427858352661133,0.0
1025,0.95,0.0019979476928710938,0.0
1025,0.925,0.0014188289642333984,0.0
1025,0.925,0.006426095962524414,0.0
1025,0.925,0.002997159957885742,0.001425027847290039
1025,0.95,0.0,0.0
1025,0.8,0.011525869369506836,0.0007729530334472656
1025,0.925,0.0,0.0
