idBase,_acc,tempo_treino,tempo_teste
1121,1.0,0.0,0.0
1121,1.0,0.0,0.0
1121,1.0,0.0,0.0
1121,1.0,0.0020177364349365234,0.0
1121,1.0,0.0,0.0
1121,1.0,0.0,0.0
1121,1.0,0.0010223388671875,0.0
1121,1.0,0.0016674995422363281,0.0
1121,1.0,0.0,0.0
1121,1.0,0.0,0.0
