idBase,_acc,tempo_treino,tempo_teste
1452,0.9733333333333334,0.016234874725341797,0.0
1452,0.96,0.0,0.0
1452,0.92,0.00481414794921875,0.0
1452,0.9466666666666667,0.00803232192993164,0.0051271915435791016
1452,0.9866666666666667,0.0049211978912353516,0.0
1452,0.9459459459459459,0.01185750961303711,0.0
1452,0.972972972972973,0.0029976367950439453,0.0
1452,1.0,0.01236271858215332,0.0
1452,0.9324324324324325,0.001058816909790039,0.0
1452,1.0,0.009732961654663086,0.0009794235229492188
