idBase,_acc,tempo_treino,tempo_teste
1463,0.8,0.002242565155029297,0.0
1463,0.8,0.0,0.0
1463,0.9,0.0,0.0
1463,1.0,0.0020172595977783203,0.000982046127319336
1463,0.7,0.0003650188446044922,0.0
1463,0.8,0.0,0.0
1463,1.0,0.009569644927978516,0.0
1463,0.9,0.0010004043579101562,0.0009987354278564453
1463,0.6,0.0010766983032226562,0.0
1463,0.9,0.0,0.0
