idBase,_acc,tempo_treino,tempo_teste
1520,0.5882352941176471,0.008619546890258789,0.0
1520,0.47058823529411764,0.0010449886322021484,0.0
1520,0.5882352941176471,0.00699925422668457,0.0
1520,0.35294117647058826,0.0,0.0
1520,0.5625,0.006020307540893555,0.0
1520,0.6875,0.00504755973815918,0.0
1520,0.6875,0.008844375610351562,0.0
1520,0.6875,0.006860017776489258,0.0010097026824951172
1520,0.75,0.006497621536254883,0.0009765625
1520,0.625,0.001085042953491211,0.0
