idBase,_acc,tempo_treino,tempo_teste
1553,0.37142857142857144,0.0010797977447509766,0.0
1553,0.5428571428571428,0.0,0.0
1553,0.4714285714285714,0.0045299530029296875,0.0
1553,0.4,0.0,0.0
1553,0.4714285714285714,0.004510164260864258,0.0
1553,0.5142857142857142,0.0,0.0
1553,0.5571428571428572,0.0040013790130615234,0.0004150867462158203
1553,0.5,0.006994962692260742,0.0001633167266845703
1553,0.38571428571428573,0.004625558853149414,0.0
1553,0.5428571428571428,0.00417637825012207,0.0
