idBase,_acc,tempo_treino,tempo_teste
444,0.7142857142857143,0.0,0.0
444,0.6428571428571429,0.0020198822021484375,0.0
444,0.6923076923076923,0.0,0.0
444,0.8461538461538461,0.009633541107177734,0.0
444,0.8461538461538461,0.0015342235565185547,0.0009925365447998047
444,0.6153846153846154,0.0,0.0
444,0.6153846153846154,0.0,0.0
444,0.5384615384615384,0.011121273040771484,0.001001596450805664
444,0.6923076923076923,0.002021312713623047,0.0
444,0.7692307692307693,0.0018053054809570312,0.0
