idBase,_acc,tempo_treino,tempo_teste
448,0.6666666666666666,0.0010700225830078125,0.0
448,0.5833333333333334,0.0,0.0
448,0.6666666666666666,0.0,0.0
448,0.75,0.011327266693115234,0.0
448,0.9166666666666666,0.00099945068359375,0.0010037422180175781
448,0.8333333333333334,0.0,0.0
448,0.5833333333333334,0.0,0.0
448,0.8333333333333334,0.0,0.0
448,0.9166666666666666,0.0020036697387695312,0.0
448,0.9166666666666666,0.0,0.0
