idBase,_acc,tempo_treino,tempo_teste
716,0.7,0.0,0.0
716,0.8,0.01025080680847168,0.0
716,0.7,0.003997325897216797,0.0010004043579101562
716,0.9,0.002002239227294922,0.0
716,0.9,0.0019996166229248047,0.0009989738464355469
716,0.7,0.0033707618713378906,0.0
716,0.7,0.0030248165130615234,0.0
716,0.8,0.0028176307678222656,0.0
716,0.4,0.001033782958984375,0.0
716,0.9,0.002859354019165039,0.0010066032409667969
