idBase,_acc,tempo_treino,tempo_teste
716,0.7,0.001901865005493164,0.0
716,0.8,0.0072634220123291016,0.0
716,0.7,0.0026493072509765625,0.0
716,0.9,0.0029098987579345703,0.0
716,0.9,0.0020673274993896484,0.0
716,0.7,0.001999378204345703,0.0010006427764892578
716,0.7,0.002049684524536133,0.000720977783203125
716,0.8,0.0028154850006103516,0.0
716,0.4,0.004034757614135742,0.0009622573852539062
716,0.9,0.002950429916381836,0.0012998580932617188
