idBase,_acc,tempo_treino,tempo_teste
745,0.875,0.0,0.0
745,1.0,0.0,0.0
745,1.0,0.0,0.011497974395751953
745,1.0,0.002053499221801758,0.0
745,0.9375,0.0,0.0
745,1.0,0.0,0.0
745,0.9375,0.0,0.0
745,1.0,0.003000974655151367,0.0
745,0.9375,0.0,0.0
745,0.9333333333333333,0.0,0.0
