idBase,_acc,tempo_treino,tempo_teste
750,0.62,0.002796649932861328,0.0
750,0.52,0.001234292984008789,0.0
750,0.62,0.0020592212677001953,0.0
750,0.64,0.0027549266815185547,0.0
750,0.6,0.002933025360107422,0.0009999275207519531
750,0.56,0.003185749053955078,0.0
750,0.48,0.0020868778228759766,0.0
750,0.5,0.0,0.0
750,0.56,0.001996278762817383,0.0
750,0.5,0.0009493827819824219,0.0
