idBase,_acc,tempo_treino,tempo_teste
753,0.45,0.0004012584686279297,0.0
753,0.7,0.014288663864135742,0.0009286403656005859
753,0.6,0.00399327278137207,0.0
753,0.5,0.0040204524993896484,0.0
753,0.631578947368421,0.00500178337097168,0.0
753,0.5263157894736842,0.004321575164794922,0.0
753,0.5263157894736842,0.007163524627685547,0.0
753,0.5263157894736842,0.004673957824707031,0.0
753,0.5263157894736842,0.0,0.0
753,0.2631578947368421,0.0059816837310791016,0.0010023117065429688
