idBase,_acc,tempo_treino,tempo_teste
756,0.875,0.0018627643585205078,0.0
756,1.0,0.0,0.0
756,1.0,0.0,0.0
756,1.0,0.0010383129119873047,0.0
756,0.9375,0.0010006427764892578,0.0
756,1.0,0.00047087669372558594,0.0
756,0.9375,0.0,0.0
756,1.0,0.0021212100982666016,0.0010006427764892578
756,0.9375,0.0011234283447265625,0.0
756,0.9333333333333333,0.0,0.0
