idBase,_acc,tempo_treino,tempo_teste
762,0.5,0.0,0.0
762,0.8,0.0010211467742919922,0.0009753704071044922
762,0.6,0.0014460086822509766,0.0
762,0.9,0.0,0.0
762,0.5,0.0,0.0
762,0.6,0.010790824890136719,0.0009996891021728516
762,0.8,0.002698183059692383,0.0
762,0.8,0.0,0.0
762,0.4,0.001251220703125,0.0
762,1.0,0.006668806076049805,0.0
