idBase,_acc,tempo_treino,tempo_teste
762,0.5,0.0,0.0
762,0.8,0.0020020008087158203,0.0010023117065429688
762,0.6,0.0034995079040527344,0.0
762,0.9,0.002050638198852539,0.0
762,0.5,0.0020360946655273438,0.0009655952453613281
762,0.6,0.0029990673065185547,0.0010013580322265625
762,0.8,0.0030028820037841797,0.0005869865417480469
762,0.8,0.0,0.0
762,0.4,0.0,0.0
762,1.0,0.0020055770874023438,0.0
