idBase,_acc,tempo_treino,tempo_teste
764,0.8444444444444444,0.0,0.0
764,0.9333333333333333,0.0,0.0
764,0.8,0.015629053115844727,0.0
764,0.8666666666666667,0.0020830631256103516,0.0
764,0.8666666666666667,0.007708311080932617,0.0
764,0.9333333333333333,0.002005338668823242,0.0
764,0.9333333333333333,0.0025544166564941406,0.0
764,0.9333333333333333,0.0,0.0
764,0.9333333333333333,0.0,0.0
764,0.8444444444444444,0.0,0.0
