idBase,_acc,tempo_treino,tempo_teste
765,0.9375,0.0,0.0
765,0.9166666666666666,0.0018799304962158203,0.001004934310913086
765,0.9375,0.0033948421478271484,0.0
765,0.9166666666666666,0.0027081966400146484,0.0
765,0.9375,0.0019986629486083984,0.0
765,0.8297872340425532,0.002057790756225586,0.0
765,0.9361702127659575,0.0,0.0
765,0.9574468085106383,0.0040056705474853516,0.0
765,0.9148936170212766,0.0013146400451660156,0.0
765,0.8936170212765957,0.0027170181274414062,0.0
