idBase,_acc,tempo_treino,tempo_teste
767,0.9375,0.0,0.0
767,0.9375,0.00299835205078125,0.0
767,0.9166666666666666,0.0,0.0
767,0.875,0.0019989013671875,0.0
767,0.9166666666666666,0.0,0.0
767,0.851063829787234,0.0,0.0
767,0.8936170212765957,0.0,0.0
767,0.9574468085106383,0.002020120620727539,0.0
767,0.9148936170212766,0.0020263195037841797,0.0
767,0.851063829787234,0.0,0.0
