idBase,_acc,tempo_treino,tempo_teste
775,0.7,0.0020017623901367188,0.001337289810180664
775,0.8,0.0032126903533935547,0.0
775,0.7,0.001997232437133789,0.0009984970092773438
775,0.9,0.0,0.0
775,0.8,0.0029973983764648438,0.0005049705505371094
775,0.9,0.0024290084838867188,0.0
775,0.5,0.0009992122650146484,0.0
775,0.7,0.0,0.0
775,0.8,0.0030014514923095703,0.0013213157653808594
775,0.7,0.0027348995208740234,0.0009610652923583984
