idBase,_acc,tempo_treino,tempo_teste
775,0.7,0.003000497817993164,0.0010013580322265625
775,0.8,0.0029997825622558594,0.0010008811950683594
775,0.7,0.002798795700073242,0.0
775,0.9,0.002002239227294922,0.0005042552947998047
775,0.8,0.004196882247924805,0.0
775,0.9,0.0,0.0
775,0.5,0.0010645389556884766,0.0
775,0.7,0.002453327178955078,0.0
775,0.8,0.0,0.0
775,0.7,0.003155946731567383,0.0009984970092773438
