idBase,_acc,tempo_treino,tempo_teste
789,0.5,0.0020020008087158203,0.0
789,0.6,0.0010030269622802734,0.0005152225494384766
789,0.9,0.0010783672332763672,0.0
789,0.9,0.0,0.0
789,0.8,0.00499272346496582,0.0
789,0.9,0.000995635986328125,0.0
789,0.6,0.0019991397857666016,0.0
789,0.5,0.0023801326751708984,0.00036835670471191406
789,0.9,0.0010645389556884766,0.0
789,0.8,0.0,0.005838632583618164
