idBase,_acc,tempo_treino,tempo_teste
789,0.5,0.0,0.0
789,0.6,0.012662172317504883,0.0
789,0.9,0.0025110244750976562,0.0011396408081054688
789,0.9,0.0,0.0
789,0.8,0.003021717071533203,0.0
789,0.9,0.0,0.0
789,0.6,0.009824275970458984,0.003037691116333008
789,0.5,0.005331993103027344,0.0010020732879638672
789,0.9,0.002145528793334961,0.0
789,0.8,0.0,0.0
