idBase,_acc,tempo_treino,tempo_teste
796,0.9047619047619048,0.0,0.0
796,1.0,0.0029985904693603516,0.0
796,0.9523809523809523,0.0,0.0
796,1.0,0.007949113845825195,0.0009996891021728516
796,1.0,0.0017066001892089844,0.0
796,0.9047619047619048,0.0,0.0
796,1.0,0.0,0.0
796,0.9523809523809523,0.013375043869018555,0.0003948211669921875
796,1.0,0.0010197162628173828,0.0
796,0.9,0.0,0.0
