idBase,_acc,tempo_treino,tempo_teste
829,0.5,0.000997781753540039,0.0009734630584716797
829,0.8,0.0002465248107910156,0.0
829,0.9,0.0010137557983398438,0.0
829,0.9,0.0010406970977783203,0.0006165504455566406
829,0.4,0.0010128021240234375,0.0
829,0.7,0.0023086071014404297,0.0
829,0.8,0.0010013580322265625,0.0
829,0.7,0.0010271072387695312,0.0
829,0.8,0.0006968975067138672,0.0
829,0.7,0.0009815692901611328,0.0
