idBase,_acc,tempo_treino,tempo_teste
829,0.5,0.0,0.0
829,0.8,0.0010190010070800781,0.0009779930114746094
829,0.9,0.002021312713623047,0.0005404949188232422
829,0.9,0.0,0.0
829,0.4,0.0,0.0
829,0.7,0.002583026885986328,0.0
829,0.8,0.0,0.0
829,0.7,0.0,0.0
829,0.8,0.0,0.0
829,0.7,0.0015087127685546875,0.0
