idBase,_acc,tempo_treino,tempo_teste
869,0.88,0.011479377746582031,0.0
869,0.88,0.0,0.0
869,0.88,0.004231929779052734,0.0
869,0.9,0.008366584777832031,0.0005514621734619141
869,0.94,0.0010750293731689453,0.0
869,0.88,0.001196146011352539,0.0
869,0.84,0.004446506500244141,0.0
869,0.84,0.00500035285949707,0.0010023117065429688
869,0.96,0.004995584487915039,0.0
869,0.88,0.003998994827270508,0.0
