idBase,_acc,tempo_treino,tempo_teste
876,0.2,0.0,0.015620946884155273
876,0.5,0.0,0.0
876,0.9,0.005074024200439453,0.0014858245849609375
876,0.6,0.0006821155548095703,0.0
876,0.8,0.0029973983764648438,0.0
876,0.8,0.0023810863494873047,0.0
876,0.7,0.007506132125854492,0.0010824203491210938
876,0.6,0.0029931068420410156,0.0010018348693847656
876,0.9,0.0032949447631835938,0.0
876,0.6,0.0,0.0
