idBase,_acc,tempo_treino,tempo_teste
876,0.2,0.004559040069580078,0.0009851455688476562
876,0.5,0.0016798973083496094,0.0
876,0.9,0.0019991397857666016,0.001001596450805664
876,0.6,0.002343416213989258,0.0
876,0.8,0.0020003318786621094,0.0010178089141845703
876,0.8,0.0040280818939208984,0.0
876,0.7,0.0010597705841064453,0.0
876,0.6,0.0,0.0
876,0.9,0.008788347244262695,0.0
876,0.6,0.00042057037353515625,0.0
