idBase,_acc,tempo_treino,tempo_teste
878,0.5,0.0,0.0
878,0.7,0.0022211074829101562,0.0006489753723144531
878,0.8,0.0021066665649414062,0.0
878,0.8,0.0,0.0
878,0.9,0.0010418891906738281,0.0
878,0.9,0.0020389556884765625,0.0009603500366210938
878,0.8,0.0022885799407958984,0.0
878,0.7,0.0011358261108398438,0.0
878,0.7,0.0,0.0
878,0.8,0.0,0.0
