idBase,_acc,tempo_treino,tempo_teste
878,0.5,0.0024628639221191406,0.001001596450805664
878,0.7,0.0020003318786621094,0.0009987354278564453
878,0.8,0.001489400863647461,0.0
878,0.8,0.0,0.0
878,0.9,0.005818843841552734,0.0
878,0.9,0.0020248889923095703,0.0009775161743164062
878,0.8,0.0023353099822998047,0.0
878,0.7,0.0020723342895507812,0.0
878,0.7,0.0,0.0
878,0.8,0.002001047134399414,0.0
