idBase,_acc,tempo_treino,tempo_teste
886,0.6,0.0,0.0
886,0.66,0.003538370132446289,0.0
886,0.52,0.0027806758880615234,0.0
886,0.5,0.0010361671447753906,0.0
886,0.68,0.005708932876586914,0.0
886,0.58,0.0012123584747314453,0.0
886,0.58,0.0030317306518554688,0.0
886,0.7,0.0028514862060546875,0.0
886,0.58,0.0030069351196289062,0.0010824203491210938
886,0.7,0.003648996353149414,0.0
