idBase,_acc,tempo_treino,tempo_teste
896,0.82,0.0,0.0
896,0.9,0.0011789798736572266,0.0
896,0.8,0.010015010833740234,0.000980377197265625
896,0.76,0.00887918472290039,0.0010085105895996094
896,0.8,0.008387327194213867,0.0
896,0.88,0.004777431488037109,0.0
896,0.88,0.014931440353393555,0.0
896,0.76,0.00965428352355957,0.0009684562683105469
896,0.9,0.009688377380371094,0.0009641647338867188
896,0.76,0.009610176086425781,0.001003265380859375
