idBase,_acc,tempo_treino,tempo_teste
906,0.425,0.0,0.01562809944152832
906,0.55,0.001049041748046875,0.0
906,0.5,0.0040187835693359375,0.0
906,0.5,0.0,0.0
906,0.475,0.011964082717895508,0.0
906,0.575,0.0020759105682373047,0.0
906,0.45,0.0030710697174072266,0.0
906,0.575,0.008684396743774414,0.0009987354278564453
906,0.4,0.002047300338745117,0.0
906,0.425,0.0,0.0
