idBase,_acc,tempo_treino,tempo_teste
916,0.6,0.0019991397857666016,0.0
916,0.7,0.0011532306671142578,0.0009329319000244141
916,0.9,0.0010006427764892578,0.0
916,0.7,0.0010423660278320312,0.0
916,0.9,0.0009989738464355469,0.0012123584747314453
916,0.6,0.000997781753540039,0.0
916,0.7,0.032309770584106445,0.0010004043579101562
916,0.8,0.002000570297241211,0.0009996891021728516
916,0.7,0.002998828887939453,0.0009992122650146484
916,0.9,0.001996755599975586,0.0009436607360839844
