idBase,_acc,tempo_treino,tempo_teste
916,0.6,0.0013113021850585938,0.0006077289581298828
916,0.7,0.0010275840759277344,0.0
916,0.9,0.0,0.0
916,0.7,0.0010304450988769531,0.0
916,0.9,0.0010230541229248047,0.0
916,0.6,0.0010001659393310547,0.0
916,0.7,0.01900458335876465,0.0
916,0.8,0.0,0.0
916,0.7,0.0020003318786621094,0.0
916,0.9,0.001994609832763672,0.0
