idBase,_acc,tempo_treino,tempo_teste
955,0.75,0.0,0.0
955,0.6666666666666666,0.0010004043579101562,0.0
955,0.9333333333333333,0.0010209083557128906,0.0
955,0.8666666666666667,0.0019943714141845703,0.000989675521850586
955,0.8666666666666667,0.0028672218322753906,0.0009856224060058594
955,0.6666666666666666,0.0007538795471191406,0.0
955,0.7333333333333333,0.0,0.0
955,0.8,0.002004384994506836,0.0
955,0.8,0.0021800994873046875,0.0
955,0.6666666666666666,0.0020148754119873047,0.0009801387786865234
