idBase,_acc,tempo_treino,tempo_teste
965,1.0,0.0,0.0
965,1.0,0.0,0.0
965,1.0,0.007953166961669922,0.00046825408935546875
965,1.0,0.0010280609130859375,9.822845458984375e-05
965,1.0,0.00200653076171875,0.0
965,1.0,0.002005338668823242,0.0009949207305908203
965,1.0,0.0019998550415039062,0.0
965,1.0,0.0009996891021728516,0.0
965,1.0,0.0020067691802978516,0.0009913444519042969
965,1.0,0.001997709274291992,0.0
