idBase,_acc,tempo_treino,tempo_teste
969,1.0,0.000989675521850586,0.0
969,1.0,0.0,0.0
969,1.0,0.0,0.0
969,1.0,0.0020029544830322266,0.0
969,1.0,0.0010271072387695312,0.0
969,1.0,0.001680612564086914,0.0009770393371582031
969,1.0,0.0010046958923339844,0.0009913444519042969
969,1.0,0.0010728836059570312,0.0
969,1.0,0.0010178089141845703,0.0
969,1.0,0.001007080078125,0.0
