idBase,_acc,tempo_treino,tempo_teste
979,0.826,0.13519644737243652,0.0
979,0.826,0.13245606422424316,0.0
979,0.812,0.13668203353881836,0.0
979,0.8,0.1107168197631836,0.0
979,0.818,0.12145853042602539,0.0
979,0.784,0.15295124053955078,0.0
979,0.826,0.13921070098876953,0.0
979,0.798,0.16085195541381836,0.0007498264312744141
979,0.8,0.13295626640319824,0.0
979,0.812,0.16126275062561035,0.00467371940612793
