idBase,_acc,tempo_treino,tempo_teste
1004,1.0,0.2218780517578125,0.0
1004,1.0,0.2818305492401123,0.015651941299438477
1004,1.0,0.2676846981048584,0.008322477340698242
1004,1.0,0.2811241149902344,0.010035991668701172
1004,1.0,0.2939727306365967,0.006101369857788086
1004,1.0,0.29413700103759766,0.006540536880493164
1004,1.0,0.2666802406311035,0.008090972900390625
1004,1.0,0.2530510425567627,0.0
1004,1.0,0.28010010719299316,0.002157449722290039
1004,1.0,0.26468682289123535,0.008270263671875
