idBase,_acc,tempo_treino,tempo_teste
1463,0.7,0.11592483520507812,0.008617877960205078
1463,0.8,0.10413527488708496,0.015615224838256836
1463,0.8,0.11720943450927734,0.008019208908081055
1463,1.0,0.11575722694396973,0.0
1463,0.7,0.09905481338500977,0.015654325485229492
1463,0.9,0.11770343780517578,0.0
1463,1.0,0.11633944511413574,0.0
1463,0.9,0.11590743064880371,0.010020256042480469
1463,0.8,0.10004878044128418,0.015698671340942383
1463,0.9,0.2091374397277832,0.0
