idBase,_acc,tempo_treino,tempo_teste
751,0.91,0.33566713333129883,0.01466679573059082
751,0.9,0.2883145809173584,0.015519380569458008
751,0.86,0.30370211601257324,0.013640642166137695
751,0.93,0.31965184211730957,0.0
751,0.88,0.3317732810974121,0.0
751,0.83,0.29294896125793457,0.007086992263793945
751,0.91,0.32404041290283203,0.016321897506713867
751,0.88,0.35152101516723633,0.016247987747192383
751,0.91,0.3480560779571533,0.0
751,0.87,0.4167466163635254,0.0
