idBase,_acc,tempo_treino,tempo_teste
756,0.9375,0.1351463794708252,0.014647483825683594
756,1.0,0.1683979034423828,0.03118586540222168
756,1.0,0.12613701820373535,0.0225675106048584
756,1.0,0.18414521217346191,0.0
756,0.9375,0.19518208503723145,0.022342681884765625
756,0.9375,0.17784500122070312,0.015626192092895508
756,1.0,0.15314483642578125,0.0
756,1.0,0.1595301628112793,0.020237207412719727
756,0.9375,0.11997461318969727,0.01781320571899414
756,0.9333333333333333,0.1247720718383789,0.0
