idBase,_acc,tempo_treino,tempo_teste
762,1.0,0.10033011436462402,0.0
762,0.8,0.10036444664001465,0.015622377395629883
762,0.7,0.13809585571289062,0.015618324279785156
762,0.8,0.11594295501708984,0.0
762,0.7,0.1003725528717041,0.0
762,0.5,0.10155630111694336,0.003222227096557617
762,0.9,0.11800527572631836,0.015640974044799805
762,0.7,0.10037422180175781,0.0018668174743652344
762,0.8,0.09845924377441406,0.0
762,1.0,0.0998697280883789,0.015583038330078125
