idBase,_acc,tempo_treino,tempo_teste
775,0.8,0.10536885261535645,0.015616416931152344
775,0.8,0.10028409957885742,0.0
775,0.8,0.11796021461486816,0.0
775,0.9,0.09842658042907715,0.015626907348632812
775,0.9,0.12212562561035156,0.0
775,0.9,0.13155746459960938,0.0
775,0.9,0.11601138114929199,0.0156400203704834
775,0.9,0.11591577529907227,0.0
775,0.9,0.1224982738494873,0.015642642974853516
775,0.9,0.09990668296813965,0.015583038330078125
