idBase,_acc,tempo_treino,tempo_teste
789,0.8,0.10040950775146484,0.0
789,1.0,0.10238218307495117,0.015639781951904297
789,0.9,0.09778380393981934,0.0
789,0.7,0.11597609519958496,0.015624523162841797
789,0.7,0.10032057762145996,0.015582561492919922
789,0.9,0.1222372055053711,0.015642881393432617
789,0.7,0.1002814769744873,0.0
789,0.7,0.11580610275268555,0.015565872192382812
789,1.0,0.10577154159545898,0.01557016372680664
789,0.8,0.09778618812561035,0.0
