idBase,_acc,tempo_treino,tempo_teste
789,0.8,0.15845513343811035,0.015629053115844727
789,1.0,0.15193963050842285,0.0
789,0.9,0.1623072624206543,0.0
789,0.7,0.15382885932922363,0.015621423721313477
789,0.7,0.18783330917358398,0.01793384552001953
789,0.9,0.23935890197753906,0.020800352096557617
789,0.7,0.2039632797241211,0.021210908889770508
789,0.7,0.15088176727294922,0.011513710021972656
789,1.0,0.13132572174072266,0.01561117172241211
789,0.8,0.2174689769744873,0.021811723709106445
