idBase,_acc,tempo_treino,tempo_teste
793,0.88,0.11603140830993652,0.015575408935546875
793,0.96,0.11603522300720215,0.015583038330078125
793,0.88,0.12213683128356934,0.01563882827758789
793,0.88,0.14710354804992676,0.01562786102294922
793,1.0,0.1326448917388916,0.002051115036010742
793,0.96,0.13286852836608887,0.01028132438659668
793,0.88,0.12276697158813477,0.008126497268676758
793,0.88,0.1416621208190918,0.015573501586914062
793,0.8,0.13166475296020508,0.0
793,0.84,0.1377251148223877,0.0
