idBase,_acc,tempo_treino,tempo_teste
793,0.88,0.19376707077026367,0.008706808090209961
793,0.96,0.17403006553649902,0.00601959228515625
793,0.88,0.1867356300354004,0.01781320571899414
793,0.88,0.16724634170532227,0.031241893768310547
793,1.0,0.18700146675109863,0.017644166946411133
793,0.96,0.22408366203308105,0.0
793,0.88,0.16970252990722656,0.0
793,0.88,0.1686546802520752,0.01563096046447754
793,0.8,0.1692202091217041,0.0
793,0.84,0.1768791675567627,0.009179115295410156
