idBase,_acc,tempo_treino,tempo_teste
794,0.92,0.20019316673278809,0.015661954879760742
794,0.84,0.21598243713378906,0.021357297897338867
794,0.72,0.200897216796875,0.015647411346435547
794,0.92,0.19714975357055664,0.010195493698120117
794,0.84,0.23115873336791992,0.015625
794,0.88,0.2876400947570801,0.019095659255981445
794,0.76,0.31168699264526367,0.0
794,0.76,0.21578168869018555,0.018544912338256836
794,0.76,0.33402395248413086,0.03377652168273926
794,0.84,0.29674673080444336,0.0
