idBase,_acc,tempo_treino,tempo_teste
796,0.9523809523809523,0.1566474437713623,0.014907360076904297
796,1.0,0.15823578834533691,0.014575481414794922
796,1.0,0.14172029495239258,0.0168454647064209
796,1.0,0.13465094566345215,0.0
796,1.0,0.16923785209655762,0.02225637435913086
796,0.9523809523809523,0.13782739639282227,0.0
796,1.0,0.1419973373413086,0.0
796,0.9523809523809523,0.1295487880706787,0.0
796,1.0,0.137526273727417,0.02022695541381836
796,1.0,0.12308573722839355,0.0
