idBase,_acc,tempo_treino,tempo_teste
824,0.92,0.2539665699005127,0.015592575073242188
824,0.92,0.2380986213684082,0.0
824,0.94,0.23166108131408691,0.0
824,0.9,0.2160484790802002,0.023949861526489258
824,0.9,0.2608926296234131,0.01672530174255371
824,0.88,0.23539042472839355,0.025998353958129883
824,0.98,0.25403809547424316,0.018684864044189453
824,0.92,0.2624528408050537,0.01772594451904297
824,0.92,0.2466435432434082,0.0
824,0.84,0.25690650939941406,0.01564621925354004
