idBase,_acc,tempo_treino,tempo_teste
829,0.7,0.1077873706817627,0.0
829,1.0,0.10202956199645996,0.0
829,0.9,0.09838533401489258,0.015575647354125977
829,0.9,0.08477282524108887,0.015585899353027344
829,0.6,0.08706212043762207,0.015588045120239258
829,0.9,0.09791231155395508,0.0
829,0.7,0.1003715991973877,0.01563096046447754
829,0.8,0.08473992347717285,0.0
829,0.9,0.10030436515808105,0.0
829,1.0,0.1124107837677002,0.0
