idBase,_acc,tempo_treino,tempo_teste
829,0.7,0.16661477088928223,0.012135982513427734
829,1.0,0.17262792587280273,0.010144233703613281
829,0.9,0.16117596626281738,0.010851860046386719
829,0.9,0.17171216011047363,0.0
829,0.6,0.18160271644592285,0.008112668991088867
829,0.9,0.15312552452087402,0.015626907348632812
829,0.7,0.1728837490081787,0.015619754791259766
829,0.8,0.1471414566040039,0.0040149688720703125
829,0.9,0.14371156692504883,0.015624284744262695
829,1.0,0.1323249340057373,0.0
