idBase,_acc,tempo_treino,tempo_teste
830,0.96,0.14722466468811035,0.006560802459716797
830,0.92,0.1628553867340088,0.015613794326782227
830,0.92,0.18483614921569824,0.0
830,0.96,0.14006257057189941,0.015639066696166992
830,0.8,0.16694402694702148,0.0
830,0.96,0.16278481483459473,0.015624761581420898
830,0.84,0.15377068519592285,0.01562190055847168
830,0.88,0.16390109062194824,0.0
830,0.84,0.13095808029174805,0.0020799636840820312
830,0.84,0.12210655212402344,0.012506246566772461
