idBase,_acc,tempo_treino,tempo_teste
863,0.84,0.15384626388549805,0.0
863,0.84,0.1649150848388672,0.01659369468688965
863,0.76,0.17487311363220215,0.002120494842529297
863,0.88,0.16173982620239258,0.012178659439086914
863,0.84,0.14313960075378418,0.009343624114990234
863,0.8,0.17168712615966797,0.0021538734436035156
863,0.8,0.15010690689086914,0.0
863,0.76,0.13584017753601074,0.01558232307434082
863,0.8,0.13349699974060059,0.0
863,0.84,0.1569361686706543,0.0
