idBase,_acc,tempo_treino,tempo_teste
869,0.96,0.20432639122009277,0.015625476837158203
869,0.96,0.20048928260803223,0.02213454246520996
869,0.94,0.2233119010925293,0.0
869,0.88,0.24990606307983398,0.0
869,0.94,0.29863595962524414,0.008079290390014648
869,0.92,0.26793432235717773,0.013990640640258789
869,0.82,0.27733349800109863,0.010106563568115234
869,0.9,0.2590794563293457,0.010207653045654297
869,0.86,0.2943391799926758,0.012126445770263672
869,0.9,0.22733569145202637,0.01979827880859375
