idBase,_acc,tempo_treino,tempo_teste
878,0.8,0.16699790954589844,0.0
878,0.7,0.1814723014831543,0.0060613155364990234
878,0.8,0.18021845817565918,0.010260581970214844
878,0.8,0.1542830467224121,0.015621423721313477
878,1.0,0.1344776153564453,0.014561891555786133
878,1.0,0.1507248878479004,0.0
878,0.9,0.15222930908203125,0.0
878,0.6,0.1567516326904297,0.014510154724121094
878,0.6,0.16979622840881348,0.0
878,0.7,0.13703155517578125,0.02156543731689453
