idBase,_acc,tempo_treino,tempo_teste
878,0.8,0.14972543716430664,0.0071446895599365234
878,0.7,0.10554790496826172,0.0
878,0.8,0.16666507720947266,0.0
878,0.8,0.16648030281066895,0.01647186279296875
878,1.0,0.11661052703857422,0.0
878,1.0,0.13417506217956543,0.0
878,0.9,0.11462211608886719,0.0
878,0.6,0.11739993095397949,0.0
878,0.6,0.2048792839050293,0.01831197738647461
878,0.7,0.17800450325012207,0.02100205421447754
