idBase,_acc,tempo_treino,tempo_teste
896,0.84,0.3679804801940918,0.0
896,0.88,0.30266571044921875,0.016661643981933594
896,0.86,0.33831071853637695,0.016904830932617188
896,0.88,0.33283209800720215,0.019257068634033203
896,0.84,0.2964625358581543,0.0
896,0.84,0.2985224723815918,0.010146856307983398
896,0.84,0.3062105178833008,0.018201828002929688
896,0.86,0.29761695861816406,0.02214980125427246
896,0.9,0.28644371032714844,0.017744064331054688
896,0.78,0.359142541885376,0.01028895378112793
