idBase,_acc,tempo_treino,tempo_teste
920,0.96,0.4474005699157715,0.0
920,0.82,0.43194055557250977,0.019955873489379883
920,0.8,0.4635579586029053,0.0
920,0.88,0.37661051750183105,0.008141517639160156
920,0.9,0.45784974098205566,0.01778554916381836
920,0.84,0.35082411766052246,0.015572547912597656
920,0.9,0.3852102756500244,0.01562809944152832
920,0.78,0.4222722053527832,0.00811147689819336
920,0.94,0.44093918800354004,0.0
920,0.9,0.38554811477661133,0.015637874603271484
