idBase,_acc,tempo_treino,tempo_teste
935,0.84,0.17250490188598633,0.009824275970458984
935,0.6,0.19904541969299316,0.010114192962646484
935,0.92,0.1788341999053955,0.01564192771911621
935,0.92,0.16790437698364258,0.0
935,0.92,0.17117929458618164,0.017542362213134766
935,0.84,0.2354280948638916,0.0
935,0.84,0.19362831115722656,0.0
935,0.88,0.17749834060668945,0.023590564727783203
935,1.0,0.19565439224243164,0.010184049606323242
935,0.96,0.22748327255249023,0.003016948699951172
