idBase,_acc,tempo_treino,tempo_teste
935,0.84,0.1327352523803711,0.0
935,0.6,0.1379411220550537,0.0
935,0.92,0.12445855140686035,0.0
935,0.92,0.10691642761230469,0.015637636184692383
935,0.92,0.14719533920288086,0.0
935,0.84,0.1314864158630371,0.006516456604003906
935,0.84,0.11575841903686523,0.015624046325683594
935,0.88,0.11794137954711914,0.0
935,1.0,0.12967967987060547,0.0
935,0.96,0.11918449401855469,0.008086442947387695
