idBase,_acc,tempo_treino,tempo_teste
950,1.0,0.1276838779449463,0.0
950,0.9821428571428571,0.13048386573791504,0.0
950,0.9821428571428571,0.13709449768066406,0.0
950,0.9464285714285714,0.13209223747253418,0.0
950,1.0,0.13177156448364258,0.0
950,1.0,0.11922192573547363,0.0
950,0.9821428571428571,0.1333026885986328,0.01854848861694336
950,1.0,0.12961912155151367,0.016672849655151367
950,0.9821428571428571,0.13258719444274902,0.0
950,0.9818181818181818,0.13208961486816406,0.0
