idBase,_acc,tempo_treino,tempo_teste
951,1.0,0.09641003608703613,0.0
951,1.0,0.11747527122497559,0.0
951,1.0,0.12480854988098145,0.016481637954711914
951,1.0,0.09801244735717773,0.01916027069091797
951,1.0,0.10687637329101562,0.01566934585571289
951,1.0,0.10100173950195312,0.015611410140991211
951,1.0,0.1206362247467041,0.01010441780090332
951,1.0,0.11281824111938477,0.0
951,1.0,0.12552189826965332,0.015666723251342773
951,1.0,0.12993121147155762,0.019636869430541992
