idBase,_acc,tempo_treino,tempo_teste
987,1.0,0.13981842994689941,0.010554075241088867
987,1.0,0.17248845100402832,0.015602350234985352
987,1.0,0.15877294540405273,0.015624523162841797
987,1.0,0.1625659465789795,0.0
987,1.0,0.15702462196350098,0.011545181274414062
987,1.0,0.15504956245422363,0.018253803253173828
987,1.0,0.15589141845703125,0.0
987,1.0,0.20015525817871094,0.022373437881469727
987,1.0,0.22474408149719238,0.022988557815551758
987,0.98,0.28702425956726074,0.022505521774291992
