idBase,_acc,tempo_treino,tempo_teste
995,0.98,0.7005281448364258,0.008060455322265625
995,0.99,0.7547566890716553,0.0
995,0.995,0.7395389080047607,0.008190155029296875
995,1.0,0.7660300731658936,0.01875591278076172
995,0.975,0.7098557949066162,0.0020902156829833984
995,0.975,0.7301304340362549,0.009191274642944336
995,0.98,0.718923807144165,0.008052349090576172
995,0.985,0.8828089237213135,0.010179281234741211
995,1.0,0.8574540615081787,0.0
995,0.985,0.7586400508880615,0.010123252868652344
