idBase,_acc,tempo_treino,tempo_teste
875,0.8,0.0,0.0
875,0.9,0.011433839797973633,0.0034856796264648438
875,0.7,0.0020554065704345703,0.0010373592376708984
875,1.0,0.0029578208923339844,0.0012366771697998047
875,0.9,0.004911184310913086,0.0010006427764892578
875,1.0,0.0020890235900878906,0.0019457340240478516
875,0.9,0.002001047134399414,0.00099945068359375
875,1.0,0.004792451858520508,0.0
875,0.6,0.0,0.005884885787963867
875,1.0,0.0019986629486083984,0.0008745193481445312
