idBase,_acc,tempo_treino,tempo_teste
1014,0.6625,0.0,0.0
1014,0.7,0.015620708465576172,0.0
1014,0.7875,0.0,0.0
1014,0.75,0.0,0.0
1014,0.7625,0.0,0.0
1014,0.775,0.0,0.0
1014,0.725,0.015597343444824219,0.0
1014,0.759493670886076,0.0,0.0
1014,0.7468354430379747,0.0,0.0
1014,0.7848101265822784,0.0,0.0
