idBase,_acc,tempo_treino,tempo_teste
1547,0.75,0.0,0.0
1547,0.62,0.0,0.0
1547,0.76,0.015625953674316406,0.0
1547,0.64,0.0,0.0
1547,0.63,0.0,0.0
1547,0.71,0.01562356948852539,0.0
1547,0.68,0.0,0.0
1547,0.69,0.0,0.0
1547,0.61,0.0,0.0
1547,0.69,0.0,0.0
