idBase,_acc,tempo_treino,tempo_teste
1549,0.2,0.01569342613220215,0.0
1549,0.14666666666666667,0.015602827072143555,0.0
1549,0.13333333333333333,0.031270742416381836,0.0
1549,0.2,0.015605688095092773,0.0
1549,0.2,0.022184371948242188,0.0
1549,0.14666666666666667,0.015689849853515625,0.0
1549,0.2,0.015671730041503906,0.0
1549,0.29333333333333333,0.02131032943725586,0.0
1549,0.29333333333333333,0.015674352645874023,0.0
1549,0.24,0.016092300415039062,0.0
