idBase,_acc,tempo_treino,tempo_teste
1552,0.35454545454545455,0.015625953674316406,0.0
1552,0.36363636363636365,0.0,0.0
1552,0.24545454545454545,0.01562786102294922,0.0
1552,0.33636363636363636,0.0,0.0
1552,0.4,0.006562948226928711,0.0
1552,0.33636363636363636,0.0,0.0
1552,0.35454545454545455,0.015688657760620117,0.0
1552,0.3,0.0,0.0
1552,0.2545454545454545,0.015572071075439453,0.0
1552,0.37272727272727274,0.0,0.0
