idBase,_acc,tempo_treino,tempo_teste
715,0.9,0.02004551887512207,0.0
715,0.82,0.017638206481933594,0.0
715,0.79,0.03127288818359375,0.0
715,0.76,0.015619039535522461,0.0
715,0.89,0.01562976837158203,0.0
715,0.8,0.015617132186889648,0.0
715,0.82,0.00651860237121582,0.0
715,0.83,0.03126716613769531,0.0
715,0.87,0.015624523162841797,0.0
715,0.89,0.01563239097595215,0.0
