idBase,_acc,tempo_treino,tempo_teste
722,0.978,0.06305599212646484,0.0
722,0.9773333333333334,0.0711512565612793,0.0
722,0.9793333333333333,0.11130380630493164,0.0
722,0.9766666666666667,0.13380002975463867,0.0
722,0.974,0.12329506874084473,0.0
722,0.972,0.10353207588195801,0.00808095932006836
722,0.9746666666666667,0.08815956115722656,0.0
722,0.9786666666666667,0.07820677757263184,0.0
722,0.988,0.06905245780944824,0.0
722,0.9813333333333333,0.06914210319519043,0.0
