idBase,_acc,tempo_treino,tempo_teste
723,0.85,0.01395559310913086,0.0
723,0.87,0.017048120498657227,0.0009515285491943359
723,0.89,0.015821456909179688,0.0
723,0.85,0.016124963760375977,0.0
723,0.86,0.016551733016967773,0.0
723,0.84,0.017057418823242188,0.0
723,0.82,0.023448467254638672,0.0010008811950683594
723,0.81,0.01614236831665039,0.0
723,0.88,0.021011829376220703,0.0010342597961425781
723,0.82,0.017495393753051758,0.0
