idBase,_acc,tempo_treino,tempo_teste
726,0.5,0.010662317276000977,0.0006182193756103516
726,0.7,0.0,0.0
726,0.8,0.0020029544830322266,0.0009975433349609375
726,0.8,0.002089977264404297,0.0
726,0.7,0.0020046234130859375,0.000997781753540039
726,0.5,0.0026335716247558594,0.0
726,0.8,0.0009899139404296875,0.0010457038879394531
726,0.8,0.0010089874267578125,0.0
726,0.7,0.0009975433349609375,0.0010745525360107422
726,0.6,0.0035278797149658203,0.001009225845336914
