idBase,_acc,tempo_treino,tempo_teste
734,0.8436363636363636,0.13149523735046387,0.0
734,0.8436363636363636,0.14411115646362305,0.0
734,0.8349090909090909,0.14082717895507812,0.0
734,0.8254545454545454,0.13239765167236328,0.0
734,0.8305454545454546,0.13155078887939453,0.0
734,0.8203636363636364,0.131577730178833,0.0
734,0.8370909090909091,0.1381547451019287,0.0
734,0.8436363636363636,0.13122844696044922,0.0
734,0.824,0.11592912673950195,0.0
734,0.8385454545454546,0.11781430244445801,0.0
