idBase,_acc,tempo_treino,tempo_teste
743,0.89,0.015938758850097656,0.0
743,0.89,0.0,0.0
743,0.84,0.003995418548583984,0.0
743,0.9,0.004936695098876953,0.0
743,0.89,0.004002094268798828,0.001062631607055664
743,0.94,0.005996227264404297,0.001024007797241211
743,0.9,0.0030858516693115234,0.0
743,0.82,0.006278514862060547,0.0005102157592773438
743,0.86,0.004073143005371094,0.0
743,0.9,0.004996538162231445,0.0010037422180175781
