idBase,_acc,tempo_treino,tempo_teste
746,0.92,0.0,0.0
746,0.88,0.01597118377685547,0.0
746,0.88,0.004004478454589844,0.0
746,0.84,0.0,0.0
746,0.84,0.005166769027709961,0.0
746,0.72,0.0,0.0
746,0.76,0.0040073394775390625,0.0009944438934326172
746,0.72,0.003997325897216797,0.0007822513580322266
746,0.72,0.0030090808868408203,0.0009989738464355469
746,0.8,0.005900859832763672,0.0002601146697998047
