idBase,_acc,tempo_treino,tempo_teste
768,0.8,0.007544994354248047,0.0
768,0.6,0.0,0.0
768,0.6,0.009505033493041992,0.0
768,0.6,0.0019981861114501953,0.0009970664978027344
768,0.6,0.001961231231689453,0.0
768,0.6,0.0020034313201904297,0.0
768,0.7,0.002131223678588867,0.0
768,0.7,0.001819610595703125,0.0009906291961669922
768,0.4,0.0015261173248291016,0.0
768,0.5,0.0,0.0
