idBase,_acc,tempo_treino,tempo_teste
769,0.72,0.016754865646362305,0.0
769,0.84,0.0040264129638671875,0.0
769,0.84,0.0049974918365478516,0.0
769,0.88,0.009867429733276367,0.001046895980834961
769,0.76,0.00684666633605957,0.001016855239868164
769,0.76,0.0010898113250732422,0.0
769,0.96,0.006944894790649414,0.0
769,0.84,0.002220630645751953,0.0
769,0.72,0.008329153060913086,0.0009980201721191406
769,0.76,0.001047372817993164,0.0
