idBase,_acc,tempo_treino,tempo_teste
783,0.6,0.0,0.0021698474884033203
783,1.0,0.000461578369140625,0.0
783,0.7,0.0010051727294921875,0.0
783,0.9,0.0010008811950683594,0.0
783,0.9,0.0,0.0
783,0.8,0.001005411148071289,0.0
783,0.7,0.000993490219116211,0.0010066032409667969
783,0.9,0.001519918441772461,0.0009715557098388672
783,0.9,0.001031637191772461,0.0009646415710449219
783,0.7,0.0003018379211425781,0.0
