idBase,_acc,tempo_treino,tempo_teste
797,0.81,0.03307914733886719,0.0
797,0.86,0.0331728458404541,0.0
797,0.86,0.03428196907043457,0.0
797,0.85,0.04350924491882324,0.0
797,0.87,0.03771638870239258,0.0009918212890625
797,0.73,0.03540968894958496,0.0
797,0.73,0.03836393356323242,0.0
797,0.78,0.031152725219726562,0.0
797,0.89,0.02972412109375,0.0
797,0.81,0.03917217254638672,0.0
