idBase,_acc,tempo_treino,tempo_teste
806,0.8,0.034711360931396484,0.0
806,0.82,0.035201311111450195,0.0
806,0.74,0.03485608100891113,0.0
806,0.86,0.03515267372131348,0.0
806,0.86,0.03882789611816406,0.0
806,0.84,0.03171205520629883,0.00029730796813964844
806,0.81,0.03335881233215332,0.0
806,0.85,0.03282022476196289,0.0
806,0.82,0.03309750556945801,0.0
806,0.86,0.0336306095123291,0.0
