idBase,_acc,tempo_treino,tempo_teste
812,0.8,0.01443934440612793,0.0
812,0.9,0.0,0.0
812,0.8,0.0,0.0
812,0.7,0.001692056655883789,0.0
812,0.6,0.0017766952514648438,0.001001596450805664
812,0.7,0.002612590789794922,0.0
812,0.4,0.002016782760620117,0.0
812,0.8,0.0029098987579345703,0.0
812,0.7,0.0029981136322021484,0.0010008811950683594
812,0.9,0.0030319690704345703,0.0
