idBase,_acc,tempo_treino,tempo_teste
832,0.76,0.007149457931518555,0.0009961128234863281
832,0.8,0.0010464191436767578,0.0
832,0.92,0.009537458419799805,0.0
832,0.76,0.004152059555053711,0.0
832,0.84,0.0025908946990966797,0.0
832,0.84,0.0046808719635009766,0.0011217594146728516
832,0.72,0.0040013790130615234,0.0
832,0.64,0.004029750823974609,0.0
832,0.88,0.0066986083984375,0.0
832,0.8,0.003056764602661133,0.0
