idBase,_acc,tempo_treino,tempo_teste
837,0.81,0.03273963928222656,0.0
837,0.87,0.047924041748046875,0.0
837,0.82,0.03826403617858887,0.0
837,0.83,0.04689621925354004,0.0
837,0.88,0.053632259368896484,0.0
837,0.8,0.04528975486755371,0.0
837,0.87,0.0593259334564209,0.0
837,0.81,0.04033541679382324,0.0
837,0.84,0.04484105110168457,0.0
837,0.82,0.04011821746826172,0.0
