idBase,_acc,tempo_treino,tempo_teste
866,0.81,0.029003381729125977,0.0
866,0.83,0.03846597671508789,0.0
866,0.87,0.03631734848022461,0.0
866,0.8,0.02831745147705078,0.005035877227783203
866,0.84,0.032518863677978516,0.0
866,0.81,0.03434443473815918,0.0
866,0.82,0.03194904327392578,0.0
866,0.9,0.04567551612854004,0.0
866,0.82,0.03666329383850098,0.0
866,0.85,0.03365015983581543,0.0
