idBase,_acc,tempo_treino,tempo_teste
889,0.7,0.0009913444519042969,0.0
889,0.8,0.0011096000671386719,0.0
889,0.7,0.0,0.0
889,0.6,0.005614042282104492,0.0
889,0.7,0.0010364055633544922,0.0009644031524658203
889,0.2,0.002256155014038086,0.0
889,0.5,0.0010380744934082031,0.0
889,0.4,0.0010380744934082031,0.0
889,0.8,0.0011446475982666016,0.0
889,0.8,0.0,0.0
