idBase,_acc,tempo_treino,tempo_teste
903,0.83,0.015630722045898438,0.0
903,0.91,0.031261444091796875,0.0
903,0.78,0.02217555046081543,0.0
903,0.88,0.015624761581420898,0.0
903,0.84,0.015624523162841797,0.0
903,0.88,0.03125119209289551,0.0
903,0.84,0.015638351440429688,0.0
903,0.83,0.015631914138793945,0.0
903,0.85,0.031245708465576172,0.0
903,0.87,0.01562356948852539,0.0
