idBase,_acc,tempo_treino,tempo_teste
912,0.88,0.0,0.0
912,0.9,0.0,0.0
912,0.92,0.004028797149658203,0.0009746551513671875
912,0.9,0.004026651382446289,0.0
912,0.94,0.0040225982666015625,0.0009765625
912,0.87,0.004766225814819336,0.0
912,0.89,0.0,0.0
912,0.88,0.005006551742553711,0.000640869140625
912,0.94,0.005094289779663086,0.0
912,0.86,0.004003047943115234,0.0
