idBase,_acc,tempo_treino,tempo_teste
913,0.91,0.010831832885742188,0.0010421276092529297
913,0.85,0.005169391632080078,0.0
913,0.87,0.011457681655883789,0.0010559558868408203
913,0.94,0.012970924377441406,0.008769035339355469
913,0.86,0.014385461807250977,0.0
913,0.91,0.014028787612915039,0.0
913,0.88,0.0,0.0010194778442382812
913,0.88,0.016706466674804688,0.0010089874267578125
913,0.86,0.013101816177368164,0.0012619495391845703
913,0.9,0.016187191009521484,0.0
