idBase,_acc,tempo_treino,tempo_teste
917,0.85,0.016762495040893555,0.0010001659393310547
917,0.86,0.010611295700073242,0.0
917,0.89,0.012140512466430664,0.0
917,0.82,0.031127214431762695,0.0
917,0.83,0.016811609268188477,0.0
917,0.82,0.017250776290893555,0.0
917,0.89,0.017687559127807617,0.0
917,0.75,0.02119731903076172,0.0010256767272949219
917,0.84,0.005541324615478516,0.0
917,0.8,0.020248889923095703,0.0
