idBase,_acc,tempo_treino,tempo_teste
923,1.0,0.009320974349975586,0.0
923,1.0,0.010547637939453125,0.0
923,1.0,0.010516881942749023,5.507469177246094e-05
923,1.0,0.00308990478515625,0.0
923,1.0,0.009316682815551758,0.0
923,1.0,0.016367197036743164,0.0
923,1.0,0.012609243392944336,0.0
923,0.9988425925925926,0.017038345336914062,0.0
923,1.0,0.012833595275878906,0.0
923,1.0,0.014348506927490234,0.0
