idBase,_acc,tempo_treino,tempo_teste
932,0.8,0.0,0.0
932,0.9,0.0,0.0
932,0.7,0.0,0.0
932,0.8,0.002051115036010742,0.0009474754333496094
932,0.5,0.0009469985961914062,0.0
932,1.0,0.0020754337310791016,0.0
932,0.8,0.0025093555450439453,0.0010609626770019531
932,0.6,0.0029447078704833984,0.0007529258728027344
932,0.6,0.0,0.0
932,0.9,0.0020227432250976562,0.0
