idBase,_acc,tempo_treino,tempo_teste
933,0.64,0.0,0.0
933,0.84,0.0021696090698242188,0.0
933,0.88,0.00404047966003418,0.0
933,0.64,0.0027892589569091797,0.0
933,0.92,0.003892660140991211,0.0
933,0.8,0.0010652542114257812,0.0
933,0.8,0.003049612045288086,0.0
933,0.76,0.0038144588470458984,0.0
933,0.84,0.0010509490966796875,0.0
933,0.8,0.0064165592193603516,0.000978231430053711
