idBase,_acc,tempo_treino,tempo_teste
937,0.7,0.01563096046447754,0.0
937,0.88,0.015624523162841797,0.0
937,0.8,0.015620231628417969,0.0
937,0.86,0.02214813232421875,0.0
937,0.76,0.015641212463378906,0.0
937,0.9,0.015633821487426758,0.0
937,0.76,0.015623331069946289,0.0
937,0.7,0.015622615814208984,0.0
937,0.86,0.015647411346435547,0.0
937,0.86,0.02214193344116211,0.0
