idBase,_acc,tempo_treino,tempo_teste
959,1.0,0.0,0.0
959,1.0,0.015604019165039062,0.0
959,1.0,0.0,0.0
959,1.0,0.01567816734313965,0.0
959,1.0,0.0,0.0
959,1.0,0.0,0.0
959,1.0,0.015628576278686523,0.0
959,1.0,0.015624284744262695,0.0
959,1.0,0.0,0.0
959,1.0,0.015618085861206055,0.0
