idBase,_acc,tempo_treino,tempo_teste
970,0.9294117647058824,0.0,0.0
970,0.9880952380952381,0.0,0.0
970,0.9761904761904762,0.015619754791259766,0.0
970,0.9285714285714286,0.01254725456237793,0.0
970,0.9523809523809523,0.015683412551879883,0.0
970,0.9523809523809523,0.0155792236328125,0.0
970,0.9880952380952381,0.01567816734313965,0.0
970,0.9523809523809523,0.015572071075439453,0.0
970,0.9523809523809523,0.01562976837158203,0.0
970,0.9523809523809523,0.015654325485229492,0.0
