idBase,_acc,tempo_treino,tempo_teste
977,0.9905,0.05083203315734863,0.0
977,0.9925,0.057033538818359375,0.0
977,0.9935,0.05338788032531738,0.0
977,0.9905,0.059601545333862305,0.0
977,0.9935,0.05600404739379883,0.0
977,0.9935,0.04683947563171387,0.0
977,0.9895,0.05342459678649902,0.0
977,0.994,0.04691314697265625,0.0
977,0.996,0.05857396125793457,0.0
977,0.994,0.046813011169433594,0.0
