idBase,_acc,tempo_treino,tempo_teste
1014,0.7125,0.015676498413085938,0.015697717666625977
1014,0.8,0.015610456466674805,0.0
1014,0.825,0.02064061164855957,0.0
1014,0.825,0.01568126678466797,0.015577077865600586
1014,0.825,0.015624761581420898,0.0
1014,0.8375,0.015625953674316406,0.0
1014,0.7875,0.015656709671020508,0.0
1014,0.7848101265822784,0.02214956283569336,0.0
1014,0.810126582278481,0.015634536743164062,0.0
1014,0.8481012658227848,0.0,0.015628576278686523
