idBase,_acc,tempo_treino,tempo_teste
1463,0.7,0.0,0.0
1463,0.5,0.0,0.0009992122650146484
1463,0.6,0.002086162567138672,0.0
1463,1.0,0.0,0.0
1463,0.7,0.00437164306640625,0.0006587505340576172
1463,0.8,0.00301361083984375,0.0012178421020507812
1463,0.9,0.0029964447021484375,0.0008456707000732422
1463,0.7,0.003315448760986328,0.0012447834014892578
1463,0.4,0.002002716064453125,0.001020669937133789
1463,0.9,0.002047300338745117,0.0
