idBase,_acc,tempo_treino,tempo_teste
1547,0.75,0.03130078315734863,0.015615224838256836
1547,0.74,0.03371834754943848,0.0
1547,0.78,0.03125786781311035,0.0
1547,0.77,0.03125166893005371,0.015656232833862305
1547,0.78,0.022098541259765625,0.015677928924560547
1547,0.71,0.031205415725708008,0.0
1547,0.75,0.031252384185791016,0.015653610229492188
1547,0.79,0.022220373153686523,0.015650272369384766
1547,0.77,0.03310990333557129,0.0
1547,0.83,0.0357973575592041,0.015662431716918945
