idBase,_acc,tempo_treino,tempo_teste
444,0.8571428571428571,0.0,0.0
444,0.9285714285714286,0.0,0.0
444,0.5384615384615384,0.0,0.0
444,0.8461538461538461,0.002924680709838867,0.0010764598846435547
444,0.7692307692307693,0.002019166946411133,0.0
444,0.5384615384615384,0.0014719963073730469,0.0
444,0.8461538461538461,0.0,0.0
444,0.46153846153846156,0.001999378204345703,0.0010013580322265625
444,0.7692307692307693,0.0,0.0
444,0.8461538461538461,0.001995086669921875,0.0010013580322265625
