idBase,_acc,tempo_treino,tempo_teste
789,0.7,0.0,0.0
789,0.8,0.0,0.0
789,0.9,0.003458738327026367,0.0
789,0.5,0.0010595321655273438,0.0
789,0.6,0.002019166946411133,0.0009839534759521484
789,0.5,0.0022230148315429688,0.0
789,0.4,0.0,0.0
789,0.7,0.0020182132720947266,0.0009806156158447266
789,0.6,0.002042531967163086,0.0
789,0.5,0.0020291805267333984,0.0
