idBase,_acc,tempo_treino,tempo_teste
789,0.7,0.0,0.0
789,0.8,0.0010213851928710938,0.000978231430053711
789,0.9,0.0010204315185546875,0.0
789,0.5,0.0027310848236083984,0.001001596450805664
789,0.6,0.0010225772857666016,0.0
789,0.5,0.0010175704956054688,0.0
789,0.4,0.0024499893188476562,0.0
789,0.7,0.0010213851928710938,0.0
789,0.6,0.0010976791381835938,0.0006456375122070312
789,0.5,0.0022420883178710938,0.0
