idBase,_acc,tempo_treino,tempo_teste
829,0.8,0.0,0.0
829,1.0,0.001035928726196289,0.0
829,0.8,0.0010542869567871094,0.0
829,0.9,0.0008463859558105469,0.0009949207305908203
829,0.6,0.0,0.0
829,0.9,0.0033502578735351562,0.0010061264038085938
829,0.8,0.0017685890197753906,0.0
829,0.8,0.0013775825500488281,0.0
829,0.8,0.0010941028594970703,0.0
829,0.9,0.0,0.0
