idBase,_acc,tempo_treino,tempo_teste
829,0.8,0.0,0.0
829,1.0,0.016614437103271484,0.0
829,0.8,0.0020112991333007812,0.0
829,0.9,0.0024275779724121094,0.0
829,0.6,0.0010178089141845703,0.0
829,0.9,0.0020210742950439453,0.0
829,0.8,0.0020003318786621094,0.000997781753540039
829,0.8,0.0020325183868408203,0.0
829,0.8,0.0020220279693603516,0.0009772777557373047
829,0.9,0.0024144649505615234,0.002096891403198242
