idBase,_acc,tempo_treino,tempo_teste
878,0.7,0.0,0.0
878,0.6,0.0012488365173339844,0.0008907318115234375
878,0.5,0.002051830291748047,0.0009808540344238281
878,0.8,0.0010488033294677734,0.0
878,0.8,0.001940011978149414,0.0
878,0.7,0.0010628700256347656,0.0
878,0.4,0.0016281604766845703,0.0
878,0.7,0.0,0.0
878,0.6,0.0,0.0
878,0.5,0.0010449886322021484,0.0
