idBase,_acc,tempo_treino,tempo_teste
878,0.7,0.0,0.0
878,0.6,0.0,0.0
878,0.5,0.0020029544830322266,0.0
878,0.8,0.0030336380004882812,0.0012352466583251953
878,0.8,0.0029993057250976562,0.0012631416320800781
878,0.7,0.004239797592163086,0.0
878,0.4,0.0,0.0
878,0.7,0.002019643783569336,0.0009760856628417969
878,0.6,0.002444744110107422,0.0
878,0.5,0.002020597457885742,0.0010766983032226562
