idBase,_acc,tempo_treino,tempo_teste
909,0.525,0.00786280632019043,0.0
909,0.5,0.0,0.01403355598449707
909,0.4,0.0071620941162109375,0.0
909,0.7,0.010154247283935547,0.0010266304016113281
909,0.525,0.010777711868286133,0.0019996166229248047
909,0.525,0.001104593276977539,0.009113311767578125
909,0.475,0.007035732269287109,6.222724914550781e-05
909,0.525,0.00938105583190918,0.0011000633239746094
909,0.45,0.007900476455688477,0.0020401477813720703
909,0.525,0.0,0.010346174240112305
