idBase,_acc,tempo_treino,tempo_teste
1075,0.9230769230769231,0.0,0.0
1075,0.9230769230769231,0.0019991397857666016,0.0
1075,1.0,0.0,0.0
1075,1.0,0.0010459423065185547,0.0
1075,0.9230769230769231,0.001405477523803711,0.00044417381286621094
1075,0.8461538461538461,0.0010673999786376953,0.0
1075,0.8461538461538461,0.0,0.0
1075,0.9230769230769231,0.0020008087158203125,0.0006384849548339844
1075,0.9230769230769231,0.002012014389038086,0.0
1075,0.8461538461538461,0.0,0.0
