idBase,_acc,tempo_treino,tempo_teste
1167,0.59375,0.003721475601196289,0.0
1167,0.53125,0.0,0.007287740707397461
1167,0.65625,0.004768848419189453,0.0
1167,0.53125,0.003032207489013672,0.0017726421356201172
1167,0.84375,0.004045009613037109,0.0
1167,0.71875,0.0,0.007114887237548828
1167,0.65625,0.003408193588256836,0.0010385513305664062
1167,0.65625,0.0036597251892089844,0.0024013519287109375
1167,0.65625,0.0033936500549316406,0.00043845176696777344
1167,0.65625,0.0,0.005566120147705078
