idBase,_acc,tempo_treino,tempo_teste
1442,0.8846153846153846,0.0029680728912353516,0.0
1442,0.6923076923076923,0.0,0.0
1442,0.8846153846153846,0.008107423782348633,0.0
1442,0.84,0.0010952949523925781,0.0
1442,0.96,0.0030012130737304688,0.0009982585906982422
1442,0.92,0.0,0.0
1442,0.96,0.005460977554321289,0.001001596450805664
1442,0.96,0.002039670944213867,0.0006358623504638672
1442,0.96,0.0,0.0
1442,0.88,0.0030612945556640625,0.0009369850158691406
