idBase,_acc,tempo_treino,tempo_teste
450,1.0,0.0,0.0
450,0.8888888888888888,0.0,0.0
450,0.9629629629629629,0.002001047134399414,0.0
450,1.0,0.0005173683166503906,0.0
450,1.0,0.0,0.0
450,1.0,0.0,0.0
450,1.0,0.0010600090026855469,0.0
450,0.8076923076923077,0.001308441162109375,0.0
450,1.0,0.0017719268798828125,0.0
450,1.0,0.00106048583984375,0.0
