idBase,_acc,tempo_treino,tempo_teste
743,0.85,0.015012264251708984,0.0010249614715576172
743,0.91,0.005354642868041992,0.016588211059570312
743,0.89,0.022071123123168945,0.0
743,0.92,0.018744945526123047,0.0
743,0.94,0.008978605270385742,0.009768009185791016
743,0.96,0.019643306732177734,0.002065420150756836
743,0.96,0.01206064224243164,0.0
743,0.93,0.022217273712158203,0.003912210464477539
743,0.91,0.019804000854492188,0.0
743,0.91,0.022354841232299805,0.003008604049682617
