idBase,_acc,tempo_treino,tempo_teste
743,0.85,0.013834238052368164,0.0
743,0.91,0.019196271896362305,0.011651039123535156
743,0.89,0.01368403434753418,0.0064716339111328125
743,0.92,0.014713287353515625,0.0014538764953613281
743,0.94,0.012794733047485352,0.0
743,0.96,0.021017074584960938,0.0035452842712402344
743,0.96,0.01983809471130371,0.003053426742553711
743,0.93,0.018152236938476562,0.0022954940795898438
743,0.91,0.02006220817565918,0.0020799636840820312
743,0.91,0.016271114349365234,0.0
