idBase,_acc,tempo_treino,tempo_teste
748,0.5882352941176471,0.0,0.0
748,0.8235294117647058,0.002001047134399414,0.0009975433349609375
748,0.7058823529411765,0.001500844955444336,0.0009624958038330078
748,0.8125,0.002001523971557617,0.0010123252868652344
748,0.75,0.003298044204711914,0.0009763240814208984
748,0.625,0.0014231204986572266,0.0
748,0.75,0.0,0.0
748,0.8125,0.0020682811737060547,0.0009317398071289062
748,0.75,0.0021772384643554688,0.0
748,0.5625,0.0,0.0
