idBase,_acc,tempo_treino,tempo_teste
770,0.6507936507936508,0.0,0.0
770,0.5714285714285714,0.01555180549621582,0.0
770,0.6190476190476191,0.01566791534423828,0.0
770,0.5873015873015873,0.015576362609863281,0.0
770,0.8095238095238095,0.015629053115844727,0.0
770,0.6129032258064516,0.01570868492126465,0.006015300750732422
770,0.6290322580645161,0.0,0.0
770,0.7258064516129032,0.0,0.015597343444824219
770,0.7258064516129032,0.0,0.015606880187988281
770,0.6935483870967742,0.0,0.0
