idBase,_acc,tempo_treino,tempo_teste
783,0.3,0.0,0.0
783,0.8,0.0,0.0
783,0.5,0.0,0.0
783,0.7,0.001997232437133789,0.0010001659393310547
783,0.6,0.0016300678253173828,0.0008828639984130859
783,0.4,0.0,0.0
783,0.5,0.00200653076171875,0.0009930133819580078
783,0.8,0.002002239227294922,0.0009992122650146484
783,0.5,0.0033714771270751953,0.0
783,0.5,0.00200653076171875,0.0009388923645019531
