idBase,_acc,tempo_treino,tempo_teste
783,0.3,0.0022280216217041016,0.0
783,0.8,0.0010044574737548828,0.00012063980102539062
783,0.5,0.0,0.0
783,0.7,0.0010030269622802734,0.0
783,0.6,0.001995563507080078,0.0
783,0.4,0.0010035037994384766,0.0
783,0.5,0.0009636878967285156,0.00011706352233886719
783,0.8,0.0010356903076171875,0.0009908676147460938
783,0.5,0.0009560585021972656,0.0010046958923339844
783,0.5,0.0020072460174560547,0.0
