idBase,_acc,tempo_treino,tempo_teste
794,0.72,0.015799522399902344,0.0016715526580810547
794,0.68,0.0,0.005728721618652344
794,0.6,0.0027191638946533203,0.0026488304138183594
794,0.76,0.0033652782440185547,0.0004506111145019531
794,0.6,0.0,0.004542112350463867
794,0.8,0.004925727844238281,0.0
794,0.6,0.0030012130737304688,0.0007464885711669922
794,0.64,0.002996683120727539,0.001741647720336914
794,0.72,0.004393100738525391,0.0
794,0.8,0.0,0.006176948547363281
