idBase,_acc,tempo_treino,tempo_teste
812,0.5,0.0,0.0
812,0.9,0.0009982585906982422,0.0
812,0.8,0.0009646415710449219,0.0002033710479736328
812,0.8,0.0021142959594726562,0.0
812,0.4,0.0011360645294189453,0.0
812,0.5,0.0,0.0
812,0.5,0.0010266304016113281,0.0010120868682861328
812,0.9,0.0019626617431640625,0.0
812,0.8,0.0027167797088623047,0.0
812,0.7,0.0032930374145507812,0.0009970664978027344
