idBase,_acc,tempo_treino,tempo_teste
812,0.5,0.003003358840942383,0.0
812,0.9,0.0,0.0
812,0.8,0.0,0.0
812,0.8,0.0019979476928710938,0.0
812,0.4,0.002412557601928711,0.0
812,0.5,0.0,0.0
812,0.5,0.0,0.0
812,0.9,0.001997709274291992,0.0
812,0.8,0.0014760494232177734,0.0
812,0.7,0.0,0.0023102760314941406
