idBase,_acc,tempo_treino,tempo_teste
825,0.6862745098039216,0.0,0.0
825,0.7843137254901961,0.015621185302734375,0.0
825,0.7450980392156863,0.0,0.0
825,0.7647058823529411,0.0,0.0
825,0.7647058823529411,0.01563119888305664,0.0
825,0.7058823529411765,0.0,0.0
825,0.78,0.01562047004699707,0.0
825,0.68,0.0,0.015622377395629883
825,0.88,0.0065157413482666016,0.0
825,0.7,0.0,0.015647411346435547
