idBase,_acc,tempo_treino,tempo_teste
889,0.7,0.0009992122650146484,0.0
889,0.9,0.0010175704956054688,0.0
889,1.0,0.0009996891021728516,0.0010006427764892578
889,0.9,0.0026760101318359375,0.0003752708435058594
889,0.7,0.002557516098022461,0.0
889,0.6,0.0012903213500976562,0.0
889,0.8,0.0010230541229248047,0.0
889,0.5,0.0009927749633789062,0.0
889,1.0,0.0017533302307128906,0.0
889,0.7,0.0010242462158203125,0.0009756088256835938
