idBase,_acc,tempo_treino,tempo_teste
889,0.7,0.0,0.0
889,0.9,0.008002042770385742,0.0
889,1.0,0.0019953250885009766,0.0
889,0.9,0.0019626617431640625,0.0
889,0.7,0.001999378204345703,0.0010039806365966797
889,0.6,0.0019478797912597656,0.0011065006256103516
889,0.8,0.0015041828155517578,0.0
889,0.5,0.0,0.0
889,1.0,0.003997087478637695,0.0009398460388183594
889,0.7,0.003062725067138672,0.001184225082397461
