idBase,_acc,tempo_treino,tempo_teste
936,0.72,0.0,0.0
936,0.7,0.015581369400024414,0.0
936,0.74,0.0,0.0
936,0.76,0.0,0.0
936,0.68,0.015624761581420898,0.0
936,0.74,0.015626192092895508,0.0
936,0.7,0.0,0.0
936,0.78,0.015682697296142578,0.0
936,0.8,0.01558065414428711,0.0
936,0.84,0.015678882598876953,0.0
