idBase,_acc,tempo_treino,tempo_teste
947,0.9821428571428571,0.01562643051147461,0.0
947,0.9821428571428571,0.006522417068481445,0.0
947,0.9642857142857143,0.0,0.0
947,0.9642857142857143,0.01564788818359375,0.0
947,1.0,0.0,0.0
947,1.0,0.0,0.0
947,0.9642857142857143,0.0,0.0
947,0.9642857142857143,0.0,0.0
947,0.9821428571428571,0.0,0.0
947,0.9818181818181818,0.015644073486328125,0.0
