idBase,_acc,tempo_treino,tempo_teste
950,0.9821428571428571,0.0,0.0
950,0.9821428571428571,0.0,0.0
950,0.9821428571428571,0.015651941299438477,0.0
950,1.0,0.0,0.0
950,1.0,0.0,0.0
950,1.0,0.0,0.0
950,0.9642857142857143,0.0,0.0
950,1.0,0.0,0.0
950,0.9821428571428571,0.0065271854400634766,0.0
950,0.9818181818181818,0.0,0.0
