idBase,_acc,tempo_treino,tempo_teste
951,1.0,0.0,0.0
951,1.0,0.0,0.0
951,1.0,0.0,0.0
951,1.0,0.0,0.0
951,1.0,0.0,0.0
951,1.0,0.0,0.0
951,0.9821428571428571,0.0,0.0
951,1.0,0.0,0.0
951,1.0,0.015634536743164062,0.0
951,1.0,0.0,0.0
