idBase,_acc,tempo_treino,tempo_teste
987,0.86,0.01555490493774414,0.0
987,0.8,0.0,0.0
987,0.86,0.015625,0.0
987,0.88,0.006539344787597656,0.0
987,0.8,0.0,0.0
987,0.78,0.0,0.0
987,0.9,0.0,0.0
987,0.92,0.0,0.0
987,0.78,0.0,0.0
987,0.82,0.015674114227294922,0.0
