idBase,_acc,tempo_treino,tempo_teste
1121,1.0,0.14921331405639648,0.008091211318969727
1121,1.0,0.16866731643676758,0.02145528793334961
1121,1.0,0.16358208656311035,0.0
1121,1.0,0.15591096878051758,0.0
1121,1.0,0.1310884952545166,0.0
1121,1.0,0.15082120895385742,0.006020307540893555
1121,1.0,0.13549041748046875,0.020827770233154297
1121,1.0,0.12785601615905762,0.007062196731567383
1121,1.0,0.1437385082244873,0.0010113716125488281
1121,1.0,0.15556883811950684,0.022639751434326172
