idBase,_acc,tempo_treino,tempo_teste
1556,1.0,0.13648509979248047,0.0
1556,1.0,0.1549394130706787,0.015614509582519531
1556,1.0,0.129838228225708,0.01754617691040039
1556,1.0,0.13759684562683105,0.0
1556,1.0,0.13512134552001953,0.015681982040405273
1556,1.0,0.12408065795898438,0.0
1556,1.0,0.11547994613647461,0.015659809112548828
1556,1.0,0.12973856925964355,0.0
1556,1.0,0.12230134010314941,0.021945953369140625
1556,1.0,0.11207699775695801,0.0
