idBase,_acc,tempo_treino,tempo_teste
750,0.6,0.16095328330993652,0.01561427116394043
750,0.72,0.15304112434387207,0.015681743621826172
750,0.6,0.14908051490783691,0.0
750,0.62,0.19872140884399414,0.0
750,0.74,0.2012159824371338,0.010144948959350586
750,0.64,0.21064424514770508,0.0
750,0.48,0.2007279396057129,0.015608072280883789
750,0.64,0.2318570613861084,0.0
750,0.72,0.21589279174804688,0.02216482162475586
750,0.56,0.19399046897888184,0.006556034088134766
