idBase,_acc,tempo_treino,tempo_teste
783,0.7,0.14135527610778809,0.0
783,0.8,0.1649637222290039,0.0
783,0.6,0.14936375617980957,0.02278280258178711
783,0.9,0.19287514686584473,0.023363113403320312
783,0.8,0.1643826961517334,0.021383047103881836
783,0.8,0.20453310012817383,0.0
783,0.6,0.23820829391479492,0.015627384185791016
783,0.9,0.23154759407043457,0.006335258483886719
783,0.8,0.2500755786895752,0.015627145767211914
783,0.8,0.21565032005310059,0.015646696090698242
