idBase,_acc,tempo_treino,tempo_teste
875,0.9,0.11334800720214844,0.015642642974853516
875,0.9,0.12492513656616211,0.0
875,1.0,0.1397411823272705,0.0
875,1.0,0.13613104820251465,0.0
875,1.0,0.10784912109375,0.017557382583618164
875,1.0,0.14001774787902832,0.0
875,0.8,0.14264774322509766,0.0
875,0.9,0.18594622611999512,0.0
875,0.7,0.13260102272033691,0.019273996353149414
875,1.0,0.1354353427886963,0.01703500747680664
