idBase,_acc,tempo_treino,tempo_teste
880,1.0,0.17240214347839355,0.0
880,1.0,0.15569233894348145,0.0
880,1.0,0.14863348007202148,0.02175140380859375
880,1.0,0.147064208984375,0.0
880,1.0,0.14638805389404297,0.0
880,1.0,0.14971590042114258,0.016179323196411133
880,1.0,0.1506502628326416,0.0156710147857666
880,1.0,0.1508033275604248,0.015627145767211914
880,1.0,0.16889166831970215,0.0
880,1.0,0.14823174476623535,0.018706560134887695
