idBase,_acc,tempo_treino,tempo_teste
886,0.78,0.1785733699798584,0.006547689437866211
886,0.6,0.16259026527404785,0.015620231628417969
886,0.66,0.18640565872192383,0.015653610229492188
886,0.62,0.1920328140258789,0.0
886,0.56,0.1695270538330078,0.0
886,0.5,0.19613099098205566,0.004060029983520508
886,0.7,0.1649794578552246,0.0
886,0.72,0.16697287559509277,0.0
886,0.62,0.16930031776428223,0.0
886,0.62,0.19599580764770508,0.0043027400970458984
