idBase,_acc,tempo_treino,tempo_teste
889,0.7,0.13429856300354004,0.008069515228271484
889,0.7,0.1257338523864746,0.015578269958496094
889,0.9,0.11464405059814453,0.01756572723388672
889,1.0,0.15120339393615723,0.015624046325683594
889,0.5,0.129791259765625,0.015667200088500977
889,0.4,0.13833379745483398,0.0
889,0.6,0.12874245643615723,0.0
889,0.5,0.13170456886291504,0.01250004768371582
889,0.9,0.27207279205322266,0.008106231689453125
889,0.8,0.12177658081054688,0.00957036018371582
