idBase,_acc,tempo_treino,tempo_teste
908,0.425,0.21831154823303223,0.014513731002807617
908,0.325,0.21659398078918457,0.0
908,0.425,0.21588826179504395,0.015618085861206055
908,0.375,0.21637201309204102,0.015588521957397461
908,0.525,0.2511265277862549,0.019192218780517578
908,0.5,0.24845600128173828,0.0
908,0.5,0.2838170528411865,0.0
908,0.4,0.31395721435546875,0.023168325424194336
908,0.45,0.39339470863342285,0.0184481143951416
908,0.425,0.28102827072143555,0.023437023162841797
