idBase,_acc,tempo_treino,tempo_teste
916,0.6,0.15691494941711426,0.016068220138549805
916,0.5,0.1191253662109375,0.0
916,0.9,0.16561651229858398,0.01959538459777832
916,0.8,0.13253140449523926,0.0
916,0.8,0.14716577529907227,0.01749277114868164
916,0.7,0.15012168884277344,0.0
916,0.7,0.22431039810180664,0.0
916,1.0,0.18656373023986816,0.0
916,1.0,0.13761019706726074,0.020966529846191406
916,0.9,0.12881207466125488,0.024369478225708008
