idBase,_acc,tempo_treino,tempo_teste
916,0.6,0.16643786430358887,0.017101526260375977
916,0.5,0.11483168601989746,0.018513202667236328
916,0.9,0.13112807273864746,0.0
916,0.8,0.11949992179870605,0.01978135108947754
916,0.8,0.11484479904174805,0.011951446533203125
916,0.7,0.11455655097961426,0.01562047004699707
916,0.7,0.10135006904602051,0.0
916,1.0,0.11712789535522461,0.0
916,1.0,0.09934782981872559,0.0156710147857666
916,0.9,0.10164737701416016,0.015661239624023438
