idBase,_acc,tempo_treino,tempo_teste
965,1.0,0.11207437515258789,0.015667438507080078
965,1.0,0.13752245903015137,0.0
965,1.0,0.15977263450622559,0.010269403457641602
965,1.0,0.14698410034179688,0.013014554977416992
965,1.0,0.15374326705932617,0.011873722076416016
965,1.0,0.2020256519317627,0.0012552738189697266
965,1.0,0.21775102615356445,0.017386913299560547
965,1.0,0.1973276138305664,0.0
965,0.9,0.16496610641479492,0.0021185874938964844
965,1.0,0.16076421737670898,0.011231184005737305
