idBase,_acc,tempo_treino,tempo_teste
778,1.0,0.23533844947814941,0.03231644630432129
778,1.0,0.18252849578857422,0.0
778,1.0,0.13930463790893555,0.0
778,1.0,0.14424586296081543,0.015651464462280273
778,1.0,0.15331387519836426,0.0
778,1.0,0.20058035850524902,0.017010211944580078
778,1.0,0.1507279872894287,0.0
778,1.0,0.17844676971435547,0.019181013107299805
778,1.0,0.18185138702392578,0.010155677795410156
778,0.96,0.20624685287475586,0.010224342346191406
