idBase,_acc,tempo_treino,tempo_teste
1121,1.0,0.01159811019897461,0.006009340286254883
1121,1.0,0.0,0.009979009628295898
1121,0.9666666666666667,0.007643461227416992,0.0
1121,1.0,0.008049249649047852,0.0
1121,1.0,0.007026195526123047,0.0005793571472167969
1121,1.0,0.008591651916503906,0.0010066032409667969
1121,1.0,0.0038018226623535156,0.0
1121,1.0,0.0,0.00778508186340332
1121,0.9655172413793104,0.0028333663940429688,0.0
1121,1.0,0.0,0.009983062744140625
