idBase,_acc,tempo_treino,tempo_teste
885,1.0,0.0,0.0
885,1.0,0.016936063766479492,0.00205230712890625
885,1.0,0.0,0.01073455810546875
885,1.0,0.0065615177154541016,0.0
885,1.0,0.012320518493652344,0.0019490718841552734
885,1.0,0.0010480880737304688,0.006621360778808594
885,0.9230769230769231,0.0,0.0
885,1.0,0.016655921936035156,0.002013683319091797
885,1.0,0.0010445117950439453,0.005341291427612305
885,1.0,0.006687641143798828,0.0010063648223876953
