idBase,_acc,tempo_treino,tempo_teste
1016,0.9494949494949495,0.0,0.0
1016,0.9393939393939394,0.015563488006591797,0.0
1016,0.9595959595959596,0.008005619049072266,0.0
1016,0.9292929292929293,0.0,0.015632152557373047
1016,0.9696969696969697,0.0,0.0
1016,0.9797979797979798,0.015624523162841797,0.0
1016,0.9797979797979798,0.015683889389038086,0.0
1016,0.9797979797979798,0.0,0.0
1016,0.98989898989899,0.01556706428527832,0.0
1016,0.98989898989899,0.0,0.015624761581420898
