idBase,_acc,tempo_treino,tempo_teste
716,0.6,0.001997709274291992,0.0010006427764892578
716,0.6,0.0029990673065185547,0.0013415813446044922
716,0.5,0.003023862838745117,0.0009746551513671875
716,0.7,0.0030024051666259766,0.0009098052978515625
716,0.8,0.0020194053649902344,0.0
716,0.5,0.002054929733276367,0.0
716,0.5,0.002001047134399414,0.0009989738464355469
716,0.6,0.002343893051147461,0.0005056858062744141
716,0.7,0.002000570297241211,0.0
716,0.5,0.0019378662109375,0.0009980201721191406
