idBase,_acc,tempo_treino,tempo_teste
716,0.6,0.015665054321289062,0.0
716,0.6,0.0,0.0
716,0.5,0.0,0.0
716,0.7,0.0010035037994384766,0.0
716,0.8,0.0009517669677734375,0.0009756088256835938
716,0.5,0.0016946792602539062,0.0009739398956298828
716,0.5,0.0,0.0
716,0.6,0.0010423660278320312,0.0
716,0.7,0.0010297298431396484,0.0010433197021484375
716,0.5,0.00102996826171875,0.0009729862213134766
