idBase,_acc,tempo_treino,tempo_teste
717,0.7647058823529411,0.0,0.015582799911499023
717,0.7843137254901961,0.0,0.015690326690673828
717,0.7843137254901961,0.0,0.0
717,0.7843137254901961,0.015580177307128906,0.006508588790893555
717,0.8431372549019608,0.0,0.0
717,0.9411764705882353,0.01569342613220215,0.0
717,0.8823529411764706,0.015900373458862305,0.0020294189453125
717,0.7843137254901961,0.002165079116821289,0.0
717,0.76,0.0,0.015627145767211914
717,0.84,0.0,0.0
