idBase,_acc,tempo_treino,tempo_teste
730,0.8,0.0,0.0
730,0.88,0.009985923767089844,0.0
730,0.88,0.005500078201293945,0.0009889602661132812
730,0.92,0.001665353775024414,0.0
730,0.88,0.0030252933502197266,0.0
730,0.88,0.002711057662963867,0.0015878677368164062
730,0.84,0.0008141994476318359,0.0
730,0.8,0.0019488334655761719,0.0009982585906982422
730,0.88,0.0026874542236328125,0.0
730,0.96,0.0028307437896728516,0.0010578632354736328
