idBase,_acc,tempo_treino,tempo_teste
750,0.42,0.015594244003295898,0.0
750,0.5,0.0,0.015575885772705078
750,0.4,0.0,0.0
750,0.42,0.015624761581420898,0.0
750,0.48,0.0,0.015625
750,0.42,0.00650787353515625,0.0
750,0.42,0.01563549041748047,0.0
750,0.42,0.0,0.015625
750,0.46,0.0,0.0
750,0.5,0.015625,0.0
