idBase,_acc,tempo_treino,tempo_teste
754,0.9,0.0017976760864257812,0.0
754,0.9,0.006540060043334961,0.0
754,0.8,0.0019981861114501953,0.0
754,0.9,0.001001119613647461,0.0009963512420654297
754,0.9,0.004711627960205078,0.0011050701141357422
754,0.9,0.0020034313201904297,0.0009996891021728516
754,0.9,0.0010488033294677734,0.0
754,0.9,0.0,0.005044698715209961
754,0.9,0.0013053417205810547,0.0025343894958496094
754,0.8,0.0010066032409667969,0.0009961128234863281
