idBase,_acc,tempo_treino,tempo_teste
754,0.9,0.0,0.0
754,0.9,0.0,0.0
754,0.8,0.0,0.0
754,0.9,0.0,0.0
754,0.9,0.01566314697265625,0.0
754,0.9,0.0,0.0
754,0.9,0.0,0.0
754,0.9,0.0,0.0
754,0.9,0.0,0.0
754,0.8,0.015640974044799805,0.0
