idBase,_acc,tempo_treino,tempo_teste
763,0.76,0.0,0.0
763,0.8,0.0,0.0
763,0.84,0.003000974655151367,0.0009996891021728516
763,0.92,0.0030984878540039062,0.001531839370727539
763,0.88,0.004189014434814453,0.0010318756103515625
763,0.76,0.0029878616333007812,0.0
763,0.84,0.0,0.0037946701049804688
763,0.8,0.0029561519622802734,0.0008273124694824219
763,0.84,0.001100301742553711,0.0
763,0.8,0.00457453727722168,0.0
