idBase,_acc,tempo_treino,tempo_teste
776,0.8,0.0,0.006046772003173828
776,0.88,0.0,0.0
776,0.88,0.0027344226837158203,0.0011391639709472656
776,0.8,0.0,0.0
776,0.84,0.002023458480834961,0.0009779930114746094
776,0.92,0.002882242202758789,0.0009469985961914062
776,0.92,0.0026826858520507812,0.0008232593536376953
776,0.84,0.0020210742950439453,0.0
776,0.88,0.0021104812622070312,0.0
776,0.96,0.004452228546142578,0.0
