idBase,_acc,tempo_treino,tempo_teste
799,0.85,0.0,0.015574455261230469
799,0.92,0.0,0.0
799,0.93,0.015605926513671875,0.0
799,0.91,0.006556034088134766,0.0
799,0.9,0.015633106231689453,0.0156252384185791
799,0.87,0.0,0.015625715255737305
799,0.88,0.0,0.015623807907104492
799,0.92,0.0,0.015625476837158203
799,0.91,0.0,0.015625
799,0.95,0.006506204605102539,0.0
