idBase,_acc,tempo_treino,tempo_teste
808,0.6,0.0010008811950683594,0.0
808,0.9,0.0,0.006551027297973633
808,0.8,0.0,0.0
808,0.8,0.0020143985748291016,0.0010061264038085938
808,0.9,0.0034890174865722656,0.00030303001403808594
808,0.8,0.002000570297241211,0.0020058155059814453
808,0.9,0.004338502883911133,0.0
808,0.9,0.0030031204223632812,0.0008425712585449219
808,0.8,0.00841832160949707,0.0010042190551757812
808,0.9,0.0010678768157958984,0.0
