idBase,_acc,tempo_treino,tempo_teste
808,0.6,0.0,0.0
808,0.9,0.0,0.0
808,0.8,0.0,0.0
808,0.8,0.0,0.0
808,0.9,0.015658855438232422,0.0
808,0.8,0.0,0.0
808,0.9,0.006519317626953125,0.0
808,0.9,0.0,0.0
808,0.8,0.0,0.0
808,0.9,0.0,0.0
