idBase,_acc,tempo_treino,tempo_teste
813,0.91,0.012515068054199219,0.0
813,0.89,0.019236087799072266,0.002932310104370117
813,0.9,0.013788223266601562,0.001397848129272461
813,0.89,0.015813112258911133,0.0
813,0.89,0.017646074295043945,0.008756399154663086
813,0.94,0.014619827270507812,0.003576517105102539
813,0.92,0.012722015380859375,0.005118608474731445
813,0.83,0.014072418212890625,0.0
813,0.94,0.01640152931213379,0.007648944854736328
813,0.91,0.008139371871948242,0.009880781173706055
