idBase,_acc,tempo_treino,tempo_teste
845,0.95,0.0159914493560791,0.0
845,0.85,0.020290613174438477,0.004563570022583008
845,0.85,0.019526958465576172,0.007003068923950195
845,0.86,0.021064043045043945,0.007308483123779297
845,0.8,0.015591859817504883,0.01259922981262207
845,0.83,0.015523672103881836,0.0
845,0.86,0.018284082412719727,0.0
845,0.91,0.020406723022460938,0.0030303001403808594
845,0.87,0.013579845428466797,0.009463310241699219
845,0.86,0.021956682205200195,0.012888431549072266
