idBase,_acc,tempo_treino,tempo_teste
850,0.9,0.00581049919128418,0.00034165382385253906
850,0.8,0.003037691116333008,0.0
850,0.6,0.002000570297241211,0.0
850,0.6,0.0020525455474853516,0.0009708404541015625
850,0.6,0.003026247024536133,0.001985311508178711
850,0.6,0.001994609832763672,0.001009225845336914
850,0.8,0.0019998550415039062,0.0
850,0.6,0.0026988983154296875,0.0028634071350097656
850,0.7,0.0010519027709960938,0.0034465789794921875
850,0.7,0.0029997825622558594,0.0008904933929443359
