idBase,_acc,tempo_treino,tempo_teste
850,0.9,0.0019991397857666016,0.001003265380859375
850,0.8,0.001998424530029297,0.0010044574737548828
850,0.6,0.0023386478424072266,0.0010066032409667969
850,0.6,0.0018982887268066406,0.0
850,0.6,0.0020058155059814453,0.0
850,0.6,0.003361225128173828,0.0009996891021728516
850,0.8,0.0018770694732666016,0.0010035037994384766
850,0.6,0.001994609832763672,0.0010004043579101562
850,0.7,0.0020003318786621094,0.0
850,0.7,0.0019965171813964844,0.0004055500030517578
