idBase,_acc,tempo_treino,tempo_teste
868,0.7,0.0,0.0
868,0.9,0.0,0.0
868,0.7,0.014340400695800781,0.0006365776062011719
868,0.7,0.0020029544830322266,0.0012717247009277344
868,0.6,0.0010344982147216797,0.0
868,0.7,0.0,0.0
868,0.6,0.001998424530029297,0.0
868,0.8,0.0037200450897216797,0.00034046173095703125
868,0.5,0.002003908157348633,0.0
868,0.8,0.0018639564514160156,0.0010094642639160156
