idBase,_acc,tempo_treino,tempo_teste
868,0.7,0.0029959678649902344,0.00099945068359375
868,0.9,0.004003047943115234,0.0009517669677734375
868,0.7,0.0029969215393066406,0.0012025833129882812
868,0.7,0.0019953250885009766,0.0011661052703857422
868,0.6,0.0020515918731689453,0.0
868,0.7,0.0017981529235839844,0.0
868,0.6,0.0020322799682617188,0.0009655952453613281
868,0.8,0.0018181800842285156,0.0
868,0.5,0.003002643585205078,0.0011043548583984375
868,0.8,0.0019998550415039062,0.0013747215270996094
