idBase,_acc,tempo_treino,tempo_teste
875,0.7,0.0009987354278564453,0.0009987354278564453
875,0.7,0.0010042190551757812,0.0009982585906982422
875,1.0,0.0014390945434570312,0.0
875,1.0,0.002000570297241211,0.0
875,0.9,0.0012326240539550781,0.0
875,0.9,0.002000093460083008,0.0
875,0.7,0.0010037422180175781,0.00099945068359375
875,0.9,0.0019989013671875,0.00047206878662109375
875,0.5,0.0009984970092773438,0.001001596450805664
875,0.9,0.0018463134765625,0.0010051727294921875
