idBase,_acc,tempo_treino,tempo_teste
876,0.4,0.0,0.0
876,0.4,0.005841255187988281,0.0
876,0.6,0.0016064643859863281,0.000957489013671875
876,0.7,0.00099945068359375,0.00103759765625
876,0.4,0.0020003318786621094,0.0
876,0.5,0.0019991397857666016,0.0010173320770263672
876,0.6,0.0019316673278808594,0.0008475780487060547
876,0.6,0.0010001659393310547,0.0
876,0.6,0.0,0.0
876,0.3,0.001024007797241211,0.0009777545928955078
