idBase,_acc,tempo_treino,tempo_teste
876,0.4,0.0029964447021484375,0.0
876,0.4,0.001994609832763672,0.000997781753540039
876,0.6,0.0019981861114501953,0.00044155120849609375
876,0.7,0.002001047134399414,0.0
876,0.4,0.0017409324645996094,0.0010020732879638672
876,0.5,0.002022981643676758,0.0
876,0.6,0.002774477005004883,0.0
876,0.6,0.0019989013671875,0.0009791851043701172
876,0.6,0.002700328826904297,0.0010027885437011719
876,0.3,0.000995635986328125,0.0006542205810546875
