idBase,_acc,tempo_treino,tempo_teste
884,0.86,0.0,0.0
884,0.88,0.0,0.0
884,0.86,0.015539407730102539,0.0
884,0.9,0.0,0.0
884,0.88,0.015625476837158203,0.0
884,0.9,0.0,0.0
884,0.88,0.015625,0.0
884,0.88,0.0,0.0
884,0.9,0.015624284744262695,0.0
884,0.88,0.0065076351165771484,0.0
