idBase,_acc,tempo_treino,tempo_teste
886,0.54,0.0,0.015638351440429688
886,0.44,0.0,0.015625
886,0.6,0.0,0.0
886,0.5,0.01562666893005371,0.0
886,0.48,0.015623092651367188,0.0
886,0.68,0.015624761581420898,0.0
886,0.42,0.015626192092895508,0.0
886,0.54,0.006516933441162109,0.0
886,0.44,0.01563715934753418,0.0
886,0.62,0.0,0.015625953674316406
