idBase,_acc,tempo_treino,tempo_teste
900,0.65,0.01561284065246582,0.0
900,0.55,0.0,0.0
900,0.55,0.009240150451660156,0.0
900,0.6,0.008157014846801758,0.0
900,0.475,0.020254135131835938,0.0010106563568115234
900,0.7,0.0,0.0
900,0.625,0.009802103042602539,0.0020532608032226562
900,0.475,0.0,0.0
900,0.55,0.0020368099212646484,0.015645265579223633
900,0.55,0.0,0.0
