idBase,_acc,tempo_treino,tempo_teste
904,0.76,0.03282594680786133,0.015630006790161133
904,0.84,0.0468294620513916,0.022159337997436523
904,0.77,0.06438064575195312,0.020142793655395508
904,0.83,0.0625157356262207,0.0
904,0.8,0.0534207820892334,0.015623807907104492
904,0.8,0.0534510612487793,0.0
904,0.81,0.06250381469726562,0.015622854232788086
904,0.86,0.03785991668701172,0.015560626983642578
904,0.81,0.05338549613952637,0.01564168930053711
904,0.84,0.0468752384185791,0.01562666893005371
