idBase,_acc,tempo_treino,tempo_teste
911,0.96,0.0,0.0
911,0.84,0.0,0.0
911,0.84,0.003047943115234375,0.001123666763305664
911,0.96,0.002518892288208008,0.0
911,0.8,0.0020422935485839844,0.0010371208190917969
911,0.76,0.002458810806274414,0.0009477138519287109
911,0.72,0.002879619598388672,0.0
911,0.96,0.0020644664764404297,0.0
911,0.84,0.001752614974975586,0.0009753704071044922
911,0.84,0.0010006427764892578,0.0006785392761230469
