idBase,_acc,tempo_treino,tempo_teste
916,0.5,0.0010533332824707031,0.0
916,0.7,0.0,0.0
916,0.8,0.0020599365234375,0.0
916,0.9,0.0,0.008080005645751953
916,0.8,0.0020520687103271484,0.0
916,0.7,0.0,0.0
916,0.7,0.0,0.0
916,0.9,0.007686138153076172,0.0007953643798828125
916,1.0,0.002001523971557617,0.0
916,1.0,0.0018951892852783203,0.0009996891021728516
