idBase,_acc,tempo_treino,tempo_teste
916,0.5,0.0,0.0
916,0.7,0.0,0.0
916,0.8,0.0,0.0
916,0.9,0.0010035037994384766,0.0
916,0.8,0.002656698226928711,0.000308990478515625
916,0.7,0.0010001659393310547,0.0010128021240234375
916,0.7,0.00013589859008789062,0.0
916,0.9,0.002034902572631836,0.0009696483612060547
916,1.0,0.002052783966064453,0.0002338886260986328
916,1.0,0.002963542938232422,0.0010089874267578125
