idBase,_acc,tempo_treino,tempo_teste
922,0.6,0.0,0.0
922,0.9,0.0031452178955078125,0.0
922,0.7,0.0042002201080322266,0.0009672641754150391
922,0.8,0.0020227432250976562,0.0
922,0.7,0.0,0.0
922,0.9,0.0010058879852294922,0.0
922,0.5,0.0010843276977539062,0.0007748603820800781
922,0.6,0.0010027885437011719,0.0
922,0.7,0.001024007797241211,0.0
922,0.6,0.0010235309600830078,0.0
