idBase,_acc,tempo_treino,tempo_teste
922,0.6,0.0010006427764892578,0.0
922,0.9,0.001997232437133789,0.001001596450805664
922,0.7,0.0018723011016845703,0.0
922,0.8,0.002025604248046875,0.0
922,0.7,0.002474546432495117,0.0
922,0.9,0.003050565719604492,0.0009064674377441406
922,0.5,0.0010018348693847656,0.0
922,0.6,0.002943277359008789,0.0
922,0.7,0.0019521713256835938,0.0010027885437011719
922,0.6,0.00205230712890625,0.0010187625885009766
