idBase,_acc,tempo_treino,tempo_teste
949,0.875,0.0,0.0
949,0.9107142857142857,0.01557016372680664,0.0
949,0.9285714285714286,0.0,0.0
949,0.8392857142857143,0.0,0.0
949,0.8928571428571429,0.0,0.015619754791259766
949,0.9107142857142857,0.0,0.0
949,0.7678571428571429,0.016129255294799805,0.0
949,0.875,0.0,0.0
949,0.8571428571428571,0.01568293571472168,0.0
949,0.8545454545454545,0.0,0.0
