idBase,_acc,tempo_treino,tempo_teste
997,0.9682539682539683,0.0,0.0
997,0.9841269841269841,0.015575408935546875,0.0
997,1.0,0.0,0.0
997,0.9682539682539683,0.0,0.01562356948852539
997,0.9682539682539683,0.0,0.0
997,0.9516129032258065,0.0,0.0
997,0.967741935483871,0.0,0.0
997,0.967741935483871,0.0,0.0
997,0.9838709677419355,0.015625476837158203,0.0
997,0.967741935483871,0.0,0.0
