idBase,_acc,tempo_treino,tempo_teste
10,0.8666666666666667,0.0009996891021728516,0.001008749008178711
10,0.7333333333333333,0.001043081283569336,0.0
10,0.8,0.0,0.0
10,0.7333333333333333,0.0010633468627929688,0.0
10,0.8666666666666667,0.001986265182495117,0.0003685951232910156
10,0.8666666666666667,0.0,0.0
10,0.8,0.0,0.0
10,0.8666666666666667,0.0010609626770019531,0.0009400844573974609
10,0.7142857142857143,0.0010333061218261719,0.0
10,0.7857142857142857,0.0,0.0
