idBase,_acc,tempo_treino,tempo_teste
10,0.8666666666666667,0.002001047134399414,0.0
10,0.7333333333333333,0.003439664840698242,0.0
10,0.8,0.0010442733764648438,0.0
10,0.7333333333333333,0.0,0.0
10,0.8666666666666667,0.0,0.0
10,0.8666666666666667,0.0010037422180175781,0.0
10,0.8,0.0020208358764648438,0.000980377197265625
10,0.8666666666666667,0.0010173320770263672,0.0
10,0.7142857142857143,0.0010764598846435547,0.0
10,0.7857142857142857,0.0,0.0
