idBase,_acc,tempo_treino,tempo_teste
1513,0.15384615384615385,0.0,0.0
1513,0.38461538461538464,0.0,0.0
1513,0.38461538461538464,0.0019998550415039062,0.0
1513,0.5,0.0,0.0
1513,0.5833333333333334,0.0,0.0
1513,0.4166666666666667,0.0010499954223632812,0.0009484291076660156
1513,0.5,0.00154876708984375,0.0
1513,0.5,0.002002239227294922,0.001489400863647461
1513,0.3333333333333333,0.001993894577026367,0.0009996891021728516
1513,0.25,0.0010571479797363281,0.0
