idBase,_acc,tempo_treino,tempo_teste
1513,0.15384615384615385,0.0026731491088867188,0.0
1513,0.38461538461538464,0.0018482208251953125,0.0010464191436767578
1513,0.38461538461538464,0.0,0.0
1513,0.5,0.0,0.0
1513,0.5833333333333334,0.001039743423461914,0.00045371055603027344
1513,0.4166666666666667,0.0008804798126220703,0.0
1513,0.5,0.0,0.0
1513,0.5,0.0,0.0
1513,0.3333333333333333,0.001039266586303711,0.0
1513,0.25,0.0020017623901367188,0.0
