idBase,_acc,tempo_treino,tempo_teste
1526,1.0,0.0060062408447265625,0.0
1526,1.0,0.006961345672607422,0.0
1526,1.0,0.008029460906982422,0.0
1526,1.0,0.007023334503173828,0.0
1526,1.0,0.0070154666900634766,0.0
1526,1.0,0.005995750427246094,0.0
1526,1.0,0.008999824523925781,0.0
1526,1.0,0.0059964656829833984,0.0
1526,1.0,0.009015798568725586,0.0
1526,1.0,0.007001638412475586,0.0
