idBase,_acc,tempo_treino,tempo_teste
754,1.0,0.0010313987731933594,0.0
754,0.8,0.0010607242584228516,0.0
754,0.9,0.0,0.0
754,0.7,0.0010304450988769531,0.0
754,0.9,0.0009968280792236328,0.0
754,0.8,0.0020623207092285156,0.0010151863098144531
754,0.6,0.002000093460083008,0.0
754,0.9,0.0,0.0
754,0.8,0.0,0.0
754,0.7,0.0010094642639160156,0.0
