idBase,_acc,tempo_treino,tempo_teste
754,1.0,0.0,0.0
754,0.8,0.0,0.0
754,0.9,0.0,0.0
754,0.7,0.002034902572631836,0.0
754,0.9,0.0017590522766113281,0.0
754,0.8,0.0003662109375,0.0
754,0.6,0.0,0.0
754,0.9,0.0010368824005126953,0.0009620189666748047
754,0.8,0.0010368824005126953,0.0
754,0.7,0.0,0.0
