idBase,_acc,tempo_treino,tempo_teste
754,1.0,0.0008571147918701172,0.0
754,0.8,0.0010573863983154297,0.0
754,0.9,0.0011527538299560547,0.0
754,0.7,0.0010564327239990234,0.00098419189453125
754,0.9,0.0009982585906982422,0.0
754,0.8,0.002374410629272461,0.0
754,0.6,0.0,0.0
754,0.9,0.002010345458984375,0.0
754,0.8,0.0018372535705566406,0.0
754,0.7,0.0,0.0
