idBase,_acc,tempo_treino,tempo_teste
754,1.0,0.0,0.0
754,0.8,0.0,0.0
754,0.9,0.0,0.0
754,0.7,0.0010454654693603516,0.0
754,0.9,0.001058340072631836,0.0009443759918212891
754,0.8,0.0011913776397705078,0.0
754,0.6,0.002640247344970703,0.0
754,0.9,0.0020613670349121094,0.0
754,0.8,0.00034308433532714844,0.000118255615234375
754,0.7,0.0,0.0
