idBase,_acc,tempo_treino,tempo_teste
771,0.6363636363636364,0.0,0.0
771,0.8181818181818182,0.0,0.0
771,0.6363636363636364,0.0,0.0
771,0.9090909090909091,0.0027709007263183594,0.0
771,0.6363636363636364,0.0010666847229003906,0.0
771,0.45454545454545453,0.0,0.0
771,0.45454545454545453,0.0042133331298828125,0.0
771,0.7272727272727273,0.001018524169921875,0.0
771,0.7,0.0009982585906982422,0.0
771,0.7,0.0,0.0
