idBase,_acc,tempo_treino,tempo_teste
771,0.6363636363636364,0.0,0.0
771,0.8181818181818182,0.0020012855529785156,0.0
771,0.6363636363636364,0.0015130043029785156,0.0
771,0.9090909090909091,0.006005048751831055,0.0
771,0.6363636363636364,0.006021022796630859,0.0
771,0.45454545454545453,0.0009968280792236328,0.0010602474212646484
771,0.45454545454545453,0.0,0.0
771,0.7272727272727273,0.0035560131072998047,0.0
771,0.7,0.0019965171813964844,0.0
771,0.7,0.0010826587677001953,0.0
