idBase,_acc,tempo_treino,tempo_teste
793,0.88,0.0022106170654296875,0.0
793,0.92,0.0,0.0
793,0.84,0.0,0.0
793,0.84,0.0029976367950439453,0.0
793,0.92,0.0,0.0
793,0.88,0.002057313919067383,0.0
793,0.8,0.0018367767333984375,0.001043558120727539
793,0.88,0.0019834041595458984,0.0
793,0.76,0.002973794937133789,0.0
793,0.84,0.0022139549255371094,0.0
