idBase,_acc,tempo_treino,tempo_teste
793,0.88,0.0037021636962890625,0.0
793,0.92,0.00209808349609375,0.0
793,0.84,0.0,0.0
793,0.84,0.003010272979736328,0.0
793,0.92,0.0033648014068603516,0.0
793,0.88,0.002022981643676758,0.0
793,0.8,0.0,0.0
793,0.88,0.0020029544830322266,0.0
793,0.76,0.0005359649658203125,0.0
793,0.84,0.00519561767578125,0.0009987354278564453
