idBase,_acc,tempo_treino,tempo_teste
793,0.88,0.010945796966552734,0.0
793,0.92,0.0,0.0
793,0.84,0.0,0.0
793,0.84,0.0019960403442382812,0.0
793,0.92,0.0010280609130859375,0.001016378402709961
793,0.88,0.0010302066802978516,0.0
793,0.8,0.0027866363525390625,0.0
793,0.88,0.0020313262939453125,0.0
793,0.76,0.002105712890625,0.0
793,0.84,0.002027750015258789,0.0
