idBase,_acc,tempo_treino,tempo_teste
793,0.88,0.012694120407104492,0.0009453296661376953
793,0.92,0.0,0.0
793,0.84,0.002044677734375,0.0
793,0.84,0.0029633045196533203,0.0
793,0.92,0.0036056041717529297,0.0003292560577392578
793,0.88,0.001998424530029297,0.0
793,0.8,0.0,0.0
793,0.88,0.0,0.008957386016845703
793,0.76,0.0024890899658203125,0.0
793,0.84,0.0021698474884033203,0.0
