idBase,_acc,tempo_treino,tempo_teste
795,0.47761194029850745,0.0,0.0
795,0.44776119402985076,0.010439872741699219,0.0
795,0.5606060606060606,0.0029976367950439453,0.0010006427764892578
795,0.4090909090909091,0.0034682750701904297,0.0
795,0.4090909090909091,0.0028569698333740234,0.0
795,0.5,0.004038810729980469,0.0004241466522216797
795,0.5151515151515151,0.002997875213623047,0.0
795,0.5151515151515151,0.0023932456970214844,0.0
795,0.5,0.0,0.011341094970703125
795,0.5,0.004460573196411133,0.0
