idBase,_acc,tempo_treino,tempo_teste
827,0.4925373134328358,0.0,0.0
827,0.5074626865671642,0.0,0.0
827,0.45454545454545453,0.009560823440551758,0.0
827,0.42424242424242425,0.0,0.0
827,0.5454545454545454,0.004418373107910156,0.0
827,0.5303030303030303,0.0,0.0
827,0.42424242424242425,0.0029973983764648438,0.0010018348693847656
827,0.42424242424242425,0.005080223083496094,0.0
827,0.5,0.0019965171813964844,0.0
827,0.5303030303030303,0.0,0.0
