idBase,_acc,tempo_treino,tempo_teste
827,0.4925373134328358,0.0,0.0
827,0.5074626865671642,0.0015132427215576172,0.0
827,0.45454545454545453,0.004001617431640625,0.0
827,0.42424242424242425,0.003038644790649414,0.0
827,0.5454545454545454,0.004724264144897461,0.0
827,0.5303030303030303,0.0021779537200927734,0.0
827,0.42424242424242425,0.0,0.0
827,0.42424242424242425,0.0015299320220947266,0.0
827,0.5,0.008521795272827148,0.00034618377685546875
827,0.5303030303030303,0.002051830291748047,0.0
