idBase,_acc,tempo_treino,tempo_teste
850,0.8,0.0,0.0
850,0.4,0.0,0.0
850,0.6,0.004019021987915039,0.0009975433349609375
850,0.4,0.002000570297241211,0.0
850,0.8,0.003057718276977539,0.0
850,0.5,0.0034856796264648438,0.0
850,0.7,0.0,0.0
850,0.5,0.00305938720703125,0.0010073184967041016
850,0.5,0.004267454147338867,0.0003554821014404297
850,0.7,0.0021147727966308594,0.0
