idBase,_acc,tempo_treino,tempo_teste
850,0.8,0.0047283172607421875,0.0009999275207519531
850,0.4,0.010677814483642578,0.0012316703796386719
850,0.6,0.0040302276611328125,0.0009884834289550781
850,0.4,0.003811359405517578,0.0004105567932128906
850,0.8,0.004669189453125,0.0
850,0.5,0.002034425735473633,0.0
850,0.7,0.003438234329223633,0.0
850,0.5,0.003890514373779297,0.0
850,0.5,0.004030466079711914,0.0
850,0.7,0.0030379295349121094,0.0
