idBase,_acc,tempo_treino,tempo_teste
850,0.8,0.0,0.0
850,0.4,0.0,0.0
850,0.6,0.002063274383544922,0.0
850,0.4,0.002416849136352539,0.0
850,0.8,0.0020682811737060547,0.0009276866912841797
850,0.5,0.0021893978118896484,0.0
850,0.7,0.0020580291748046875,0.0
850,0.5,0.0033693313598632812,0.0
850,0.5,0.002106189727783203,0.0
850,0.7,0.004701852798461914,0.0
