idBase,_acc,tempo_treino,tempo_teste
850,0.8,0.004361629486083984,0.0
850,0.4,0.0010714530944824219,0.0
850,0.6,0.0030150413513183594,0.0004868507385253906
850,0.4,0.0027070045471191406,0.0
850,0.8,0.0,0.0
850,0.5,0.005843162536621094,0.0009987354278564453
850,0.7,0.003818035125732422,0.0003752708435058594
850,0.5,0.0020453929901123047,0.0
850,0.5,0.0,0.0
850,0.7,0.0020360946655273438,0.001020669937133789
