idBase,_acc,tempo_treino,tempo_teste
868,0.7,0.0,0.0
868,0.9,0.0,0.0
868,0.9,0.0,0.0006673336029052734
868,0.7,0.001024484634399414,0.0
868,0.6,0.0016207695007324219,0.002012014389038086
868,0.6,0.0020024776458740234,0.0
868,0.7,0.001409292221069336,0.001791238784790039
868,0.8,0.0,0.0
868,0.5,0.0,0.0
868,0.8,0.0010025501251220703,0.0
