idBase,_acc,tempo_treino,tempo_teste
868,0.7,0.0,0.0
868,0.9,0.0010008811950683594,0.0
868,0.9,0.002000570297241211,0.0
868,0.7,0.0034151077270507812,0.0
868,0.6,0.0010259151458740234,0.0009799003601074219
868,0.6,0.0009999275207519531,0.0009717941284179688
868,0.7,0.002067089080810547,0.0
868,0.8,0.0020024776458740234,0.0
868,0.5,0.002115011215209961,0.0009980201721191406
868,0.8,0.0013759136199951172,0.0
