idBase,_acc,tempo_treino,tempo_teste
868,0.7,0.0,0.0
868,0.9,0.0020046234130859375,0.0
868,0.9,0.0018343925476074219,0.0010600090026855469
868,0.7,0.0,0.0
868,0.6,0.0004870891571044922,0.0
868,0.6,0.0030350685119628906,0.0
868,0.7,0.0,0.0
868,0.8,0.0,0.0
868,0.5,0.001984119415283203,0.0
868,0.8,0.001999378204345703,0.0009999275207519531
