idBase,_acc,tempo_treino,tempo_teste
868,0.7,0.002134084701538086,0.0
868,0.9,0.0010154247283935547,0.0
868,0.9,0.0011773109436035156,0.0
868,0.7,0.0010263919830322266,0.0
868,0.6,0.001417398452758789,0.0
868,0.6,0.0010271072387695312,0.0009717941284179688
868,0.7,0.002005338668823242,0.0009965896606445312
868,0.8,0.0,0.0
868,0.5,0.001996755599975586,0.0010418891906738281
868,0.8,0.001096487045288086,0.0
