idBase,_acc,tempo_treino,tempo_teste
890,1.0,0.0,0.0
890,0.9090909090909091,0.0010378360748291016,0.0
890,0.9090909090909091,0.0015938282012939453,0.0
890,0.9090909090909091,0.002003908157348633,0.0
890,0.9090909090909091,0.0009996891021728516,0.0
890,0.8181818181818182,0.0012469291687011719,0.0
890,0.8181818181818182,0.0010502338409423828,0.0
890,0.8181818181818182,0.001010894775390625,0.0
890,1.0,0.0,0.0
890,0.7,0.0010383129119873047,0.0
