idBase,_acc,tempo_treino,tempo_teste
890,1.0,0.0,0.0
890,0.9090909090909091,0.0017392635345458984,0.0
890,0.9090909090909091,0.0009980201721191406,0.0
890,0.9090909090909091,0.0011031627655029297,0.0
890,0.9090909090909091,0.0,0.0
890,0.8181818181818182,0.0,0.0
890,0.8181818181818182,0.0009989738464355469,0.000997304916381836
890,0.8181818181818182,0.003688335418701172,0.0
890,1.0,0.0010442733764648438,0.0
890,0.7,0.001046895980834961,0.0
