idBase,_acc,tempo_treino,tempo_teste
890,1.0,0.0,0.0
890,0.9090909090909091,0.001772165298461914,0.001115560531616211
890,0.9090909090909091,0.0009982585906982422,0.0010025501251220703
890,0.9090909090909091,0.0005474090576171875,0.0
890,0.9090909090909091,0.0010001659393310547,0.0009984970092773438
890,0.8181818181818182,0.0,0.0
890,0.8181818181818182,0.0,0.0
890,0.8181818181818182,0.0010349750518798828,0.0
890,1.0,0.0022428035736083984,0.0
890,0.7,0.0010290145874023438,0.0
