idBase,_acc,tempo_treino,tempo_teste
900,0.675,0.006302833557128906,0.0
900,0.6,0.004788875579833984,0.0
900,0.475,0.0,0.0
900,0.45,0.0,0.00078582763671875
900,0.475,0.004082918167114258,0.00048542022705078125
900,0.55,0.001998424530029297,0.001050710678100586
900,0.575,0.0,0.0
900,0.425,0.0025680065155029297,0.0
900,0.5,0.002221345901489258,0.0009851455688476562
900,0.55,0.0010898113250732422,0.0
