idBase,_acc,tempo_treino,tempo_teste
900,0.675,0.0,0.0
900,0.6,0.0,0.0
900,0.475,0.0,0.0
900,0.45,0.004101276397705078,0.0
900,0.475,0.003412961959838867,0.0
900,0.55,0.0,0.0
900,0.575,0.004449129104614258,0.0
900,0.425,0.0029964447021484375,0.00047135353088378906
900,0.5,0.003054380416870117,0.0005147457122802734
900,0.55,0.003659963607788086,0.0
