idBase,_acc,tempo_treino,tempo_teste
900,0.675,0.0,0.0
900,0.6,0.009557962417602539,0.0
900,0.475,0.0054247379302978516,0.001007080078125
900,0.45,0.003080129623413086,0.0
900,0.475,0.003000974655151367,0.0004248619079589844
900,0.55,0.0028793811798095703,0.0
900,0.575,0.005918025970458984,0.0
900,0.425,0.008417367935180664,0.0
900,0.5,0.004075527191162109,0.0
900,0.55,0.00458979606628418,0.0
