idBase,_acc,tempo_treino,tempo_teste
907,0.45,0.0033147335052490234,0.0
907,0.525,0.0025856494903564453,0.0009579658508300781
907,0.5,0.0014507770538330078,0.0
907,0.6,0.0,0.0
907,0.45,0.010140180587768555,0.0
907,0.525,0.002999544143676758,0.0010008811950683594
907,0.35,0.0022017955780029297,0.0009400844573974609
907,0.525,0.0013976097106933594,0.0
907,0.575,0.0006711483001708984,0.0
907,0.525,0.0030159950256347656,0.0
