idBase,_acc,tempo_treino,tempo_teste
907,0.45,0.007051706314086914,0.0
907,0.525,0.0,0.0
907,0.5,0.002998828887939453,0.0003249645233154297
907,0.6,0.004002809524536133,0.0
907,0.45,0.003000497817993164,0.0010004043579101562
907,0.525,0.0,0.0
907,0.35,0.002717733383178711,0.0
907,0.525,0.0039975643157958984,0.001054525375366211
907,0.575,0.003041982650756836,0.0
907,0.525,0.002545595169067383,0.0
