idBase,_acc,tempo_treino,tempo_teste
907,0.45,0.006476402282714844,0.0
907,0.525,0.0,0.0
907,0.5,0.0055882930755615234,0.0
907,0.6,0.005039691925048828,0.0
907,0.45,0.007498979568481445,0.0015058517456054688
907,0.525,0.006337404251098633,0.0010585784912109375
907,0.35,0.006374835968017578,0.0
907,0.525,0.005990028381347656,0.00099945068359375
907,0.575,0.006600141525268555,0.0
907,0.525,0.008288145065307617,0.0
