idBase,_acc,tempo_treino,tempo_teste
921,1.0,0.0,0.0
921,1.0,0.0030035972595214844,0.0
921,0.8461538461538461,0.0012359619140625,0.0009791851043701172
921,1.0,0.000985860824584961,0.0010466575622558594
921,1.0,0.001009225845336914,0.0
921,0.9230769230769231,0.003106832504272461,0.0
921,0.9230769230769231,0.0,0.0
921,0.9230769230769231,0.0,0.0
921,0.9230769230769231,0.0,0.016915321350097656
921,0.9230769230769231,0.002003192901611328,0.0
