idBase,_acc,tempo_treino,tempo_teste
921,1.0,0.0,0.0
921,1.0,0.0,0.0
921,0.8461538461538461,0.0010221004486083984,0.000978231430053711
921,1.0,0.0010223388671875,0.0009770393371582031
921,1.0,0.0011036396026611328,0.0
921,0.9230769230769231,0.0,0.0
921,0.9230769230769231,0.004655361175537109,0.0
921,0.9230769230769231,0.003409147262573242,0.0
921,0.9230769230769231,0.0020220279693603516,0.0
921,0.9230769230769231,0.0021200180053710938,0.0
