idBase,_acc,tempo_treino,tempo_teste
922,0.7,0.0019986629486083984,0.0
922,1.0,0.001161813735961914,0.0
922,0.7,0.0,0.0
922,1.0,0.0,0.0
922,0.8,0.008764982223510742,0.0
922,0.8,0.0032813549041748047,0.0005114078521728516
922,1.0,0.003016233444213867,0.0008940696716308594
922,1.0,0.002071857452392578,0.0
922,0.8,0.0011477470397949219,0.0
922,0.7,0.0,0.0
