idBase,_acc,tempo_treino,tempo_teste
922,0.7,0.0,0.0
922,1.0,0.0,0.0
922,0.7,0.0,0.0
922,1.0,0.0020322799682617188,0.0
922,0.8,0.0009098052978515625,0.0
922,0.8,0.0,0.0
922,1.0,0.0019991397857666016,0.0009996891021728516
922,1.0,0.003015756607055664,0.0009968280792236328
922,0.8,0.003405332565307617,0.00040721893310546875
922,0.7,0.0,0.0
