idBase,_acc,tempo_treino,tempo_teste
922,0.7,0.0029964447021484375,0.0
922,1.0,0.0,0.0
922,0.7,0.0033385753631591797,0.0
922,1.0,0.0,0.0
922,0.8,0.0020380020141601562,0.0009593963623046875
922,0.8,0.0018744468688964844,0.0
922,1.0,0.006029844284057617,0.0009548664093017578
922,1.0,0.002907991409301758,0.0
922,0.8,0.0030977725982666016,0.0
922,0.7,0.003802776336669922,0.0
