idBase,_acc,tempo_treino,tempo_teste
922,0.7,0.0,0.0
922,1.0,0.002785921096801758,0.0
922,0.7,0.00404047966003418,0.0
922,1.0,0.004602193832397461,0.0011401176452636719
922,0.8,0.0012257099151611328,0.0
922,0.8,0.005704641342163086,0.0
922,1.0,0.001451253890991211,0.0
922,1.0,0.009349822998046875,0.0
922,0.8,0.002001047134399414,0.0
922,0.7,0.0029375553131103516,0.0
