idBase,_acc,tempo_treino,tempo_teste
991,0.9942196531791907,0.016826629638671875,0.0
991,0.9826589595375722,0.0,0.0
991,0.9942196531791907,0.004023075103759766,0.0
991,0.9884393063583815,0.0032498836517333984,0.0
991,1.0,0.0029997825622558594,0.0
991,0.9942196531791907,0.002829313278198242,0.0
991,0.9942196531791907,0.0020165443420410156,0.0
991,0.9942196531791907,0.0057981014251708984,0.0
991,0.9941860465116279,0.002032041549682617,0.0
991,0.9941860465116279,0.002021312713623047,0.0
