idBase,_acc,tempo_treino,tempo_teste
994,0.9882352941176471,0.004893064498901367,0.0
994,0.9882352941176471,0.0,0.0
994,0.9176470588235294,0.007993221282958984,0.0
994,0.9411764705882353,0.004044532775878906,0.0
994,0.9294117647058824,0.0034630298614501953,0.0
994,0.9764705882352941,0.0,0.0
994,0.9761904761904762,0.0051877498626708984,0.0
994,0.9880952380952381,0.0,0.0
994,0.9523809523809523,0.006285905838012695,0.0
994,0.9761904761904762,0.004084348678588867,0.0
