idBase,_acc,tempo_treino,tempo_teste
1004,1.0,0.2283329963684082,0.002112865447998047
1004,1.0,0.23629450798034668,0.008088111877441406
1004,1.0,0.22050118446350098,6.532669067382812e-05
1004,1.0,0.2325906753540039,0.002027750015258789
1004,1.0,0.24280214309692383,0.0
1004,1.0,0.21619033813476562,0.008164644241333008
1004,1.0,0.22647547721862793,0.0
1004,1.0,0.2280125617980957,0.008120536804199219
1004,1.0,0.25739383697509766,0.0
1004,1.0,0.2847020626068115,0.0
