idBase,_acc,tempo_treino,tempo_teste
751,0.91,0.30785250663757324,0.004513978958129883
751,0.9,0.290524959564209,0.0
751,0.86,0.3201019763946533,0.01023244857788086
751,0.93,0.2824854850769043,0.008024215698242188
751,0.88,0.28929758071899414,0.0
751,0.83,0.2872884273529053,0.015623331069946289
751,0.91,0.3050422668457031,0.00896453857421875
751,0.88,0.3598332405090332,0.01645207405090332
751,0.91,0.3331115245819092,0.020742177963256836
751,0.87,0.36286258697509766,0.021107196807861328
