idBase,_acc,tempo_treino,tempo_teste
762,1.0,0.13265109062194824,0.0
762,0.8,0.2089245319366455,0.03646445274353027
762,0.7,0.19712448120117188,0.0
762,0.8,0.11786532402038574,0.0
762,0.7,0.09841728210449219,0.0155792236328125
762,0.5,0.1161196231842041,0.0
762,0.9,0.13109588623046875,0.0156252384185791
762,0.7,0.10678601264953613,0.015637874603271484
762,0.8,0.11581015586853027,0.0
762,1.0,0.11779499053955078,0.0
