idBase,_acc,tempo_treino,tempo_teste
775,0.8,0.1347336769104004,0.0
775,0.8,0.1534733772277832,0.015642881393432617
775,0.8,0.14496183395385742,0.015628814697265625
775,0.9,0.12245464324951172,0.015639305114746094
775,0.9,0.12451434135437012,0.0
775,0.9,0.13232874870300293,0.0
775,0.9,0.15387654304504395,0.017766237258911133
775,0.9,0.1340649127960205,0.016516685485839844
775,0.9,0.14447689056396484,0.0
775,0.9,0.16501188278198242,0.017023563385009766
