idBase,_acc,tempo_treino,tempo_teste
789,0.8,0.14264345169067383,0.008052587509155273
789,1.0,0.13196706771850586,0.01010894775390625
789,0.9,0.12182402610778809,0.00804901123046875
789,0.7,0.12592864036560059,0.0
789,0.7,0.13158655166625977,0.0
789,0.9,0.10032463073730469,0.015621662139892578
789,0.7,0.13805389404296875,0.0
789,0.7,0.1784214973449707,0.0
789,1.0,0.13808774948120117,0.01562643051147461
789,0.8,0.14674663543701172,0.0
