idBase,_acc,tempo_treino,tempo_teste
793,0.88,0.1506330966949463,0.014934539794921875
793,0.96,0.146592378616333,0.019998788833618164
793,0.88,0.14531850814819336,0.016638755798339844
793,0.88,0.1449432373046875,0.00901484489440918
793,1.0,0.1316368579864502,0.0
793,0.96,0.14331531524658203,0.015579938888549805
793,0.88,0.1570429801940918,0.01558232307434082
793,0.88,0.14795255661010742,0.009952068328857422
793,0.8,0.16524386405944824,0.00513005256652832
793,0.84,0.1699538230895996,0.0
