idBase,_acc,tempo_treino,tempo_teste
794,0.92,0.1613452434539795,0.010031938552856445
794,0.84,0.18199849128723145,0.01562666893005371
794,0.72,0.16892027854919434,0.015581607818603516
794,0.92,0.16973638534545898,0.0010707378387451172
794,0.84,0.18148064613342285,0.0021021366119384766
794,0.88,0.16504240036010742,0.015624284744262695
794,0.76,0.2921864986419678,0.0
794,0.76,0.19683051109313965,0.0
794,0.76,0.18470978736877441,0.0
794,0.84,0.20035290718078613,0.017659425735473633
