idBase,_acc,tempo_treino,tempo_teste
829,0.7,0.13657832145690918,0.022139787673950195
829,1.0,0.194044828414917,0.006514787673950195
829,0.9,0.1471846103668213,0.015623807907104492
829,0.9,0.13785219192504883,0.0
829,0.6,0.19403982162475586,0.00651097297668457
829,0.9,0.1802377700805664,0.01562666893005371
829,0.7,0.16732335090637207,0.015623807907104492
829,0.8,0.13810420036315918,0.0
829,0.9,0.13735055923461914,0.010146617889404297
829,1.0,0.13152050971984863,0.010130882263183594
