idBase,_acc,tempo_treino,tempo_teste
830,0.96,0.1468799114227295,0.0
830,0.92,0.2358863353729248,0.0
830,0.92,0.20377755165100098,0.015102863311767578
830,0.96,0.16204500198364258,0.0025484561920166016
830,0.8,0.1832573413848877,0.0
830,0.96,0.16814684867858887,0.0
830,0.84,0.1505451202392578,0.02024674415588379
830,0.88,0.13715720176696777,0.0
830,0.84,0.12878704071044922,0.0
830,0.84,0.13127446174621582,0.0
