idBase,_acc,tempo_treino,tempo_teste
935,0.84,0.1315903663635254,0.0
935,0.6,0.17992210388183594,0.0
935,0.92,0.1351633071899414,0.0
935,0.92,0.1536388397216797,0.015636205673217773
935,0.92,0.16277503967285156,0.0
935,0.84,0.15358304977416992,0.015565872192382812
935,0.84,0.15378451347351074,0.0
935,0.88,0.14684128761291504,0.015610933303833008
935,1.0,0.13770341873168945,0.01563858985900879
935,0.96,0.16284513473510742,0.0
