idBase,_acc,tempo_treino,tempo_teste
936,0.92,0.2905440330505371,0.01562643051147461
936,0.88,0.28366661071777344,0.0
936,0.96,0.2871568202972412,0.0
936,0.88,0.28329896926879883,0.0
936,0.92,0.26957130432128906,0.0
936,0.88,0.2474665641784668,0.015625476837158203
936,0.9,0.2228562831878662,0.0
936,0.92,0.20061683654785156,0.018061161041259766
936,0.92,0.18106436729431152,0.015680313110351562
936,0.9,0.17835783958435059,0.006513833999633789
