idBase,_acc,tempo_treino,tempo_teste
951,1.0,0.11080098152160645,0.0
951,1.0,0.10211420059204102,0.015623331069946289
951,1.0,0.11378788948059082,0.0
951,1.0,0.10680747032165527,0.015654802322387695
951,1.0,0.14776158332824707,0.0
951,1.0,0.152587890625,0.015624046325683594
951,1.0,0.14913392066955566,0.004514217376708984
951,1.0,0.1471726894378662,0.0
951,1.0,0.1472771167755127,0.006513357162475586
951,1.0,0.1160285472869873,0.01561594009399414
