idBase,_acc,tempo_treino,tempo_teste
987,1.0,0.13706541061401367,0.015571355819702148
987,1.0,0.2383592128753662,0.015624046325683594
987,1.0,0.25400710105895996,0.0
987,1.0,0.21622967720031738,0.0
987,1.0,0.18488788604736328,0.015641212463378906
987,1.0,0.17944002151489258,0.005517721176147461
987,1.0,0.3003084659576416,0.015643596649169922
987,1.0,0.28489136695861816,0.01738715171813965
987,1.0,0.26111865043640137,0.0
987,0.98,0.18462705612182617,0.0
