idBase,_acc,tempo_treino,tempo_teste
1025,0.75,0.0,0.0
1025,0.825,0.0,0.0
1025,0.85,0.0,0.0
1025,0.8,0.0,0.0
1025,0.75,0.015636444091796875,0.0
1025,0.85,0.0,0.0
1025,0.875,0.015620231628417969,0.006537199020385742
1025,0.825,0.0,0.0
1025,0.85,0.015667438507080078,0.0
1025,0.8,0.0,0.0
