idBase,_acc,tempo_treino,tempo_teste
1059,0.9230769230769231,0.0,0.0
1059,0.9166666666666666,0.0,0.0
1059,1.0,0.0,0.0
1059,1.0,0.0,0.0
1059,1.0,0.0,0.0
1059,0.8333333333333334,0.0,0.0
1059,0.8333333333333334,0.0,0.0
1059,0.9166666666666666,0.0,0.0
1059,0.9166666666666666,0.0,0.0
1059,0.9166666666666666,0.0,0.0
