idBase,_acc,tempo_treino,tempo_teste
1100,0.4791666666666667,0.0,0.015642881393432617
1100,0.4791666666666667,0.0,0.015625953674316406
1100,0.5208333333333334,0.0,0.0
1100,0.5208333333333334,0.0,0.0
1100,0.4583333333333333,0.01564478874206543,0.0
1100,0.5416666666666666,0.02167797088623047,0.0
1100,0.6041666666666666,0.01564168930053711,0.0
1100,0.5833333333333334,0.015630245208740234,0.01561880111694336
1100,0.48936170212765956,0.0,0.0
1100,0.5106382978723404,0.0,0.0
