idBase,_acc,tempo_treino,tempo_teste
1442,0.8846153846153846,0.0,0.015652894973754883
1442,0.6923076923076923,0.0,0.0
1442,0.8846153846153846,0.0,0.0
1442,0.84,0.0,0.0
1442,0.96,0.01561594009399414,0.0
1442,0.92,0.0,0.0
1442,0.96,0.0,0.0
1442,0.96,0.0,0.0
1442,0.96,0.01564764976501465,0.0
1442,0.88,0.0,0.0
