idBase,_acc,tempo_treino,tempo_teste
1443,0.9402985074626866,0.0,0.01562356948852539
1443,0.9090909090909091,0.0,0.0
1443,0.9242424242424242,0.01562643051147461,0.0
1443,0.9696969696969697,0.015623331069946289,0.0
1443,0.8939393939393939,0.015630483627319336,0.0
1443,0.9242424242424242,0.0,0.015625
1443,0.9242424242424242,0.0065152645111083984,0.0
1443,0.8939393939393939,0.015638351440429688,0.0
1443,0.9242424242424242,0.015626907348632812,0.0
1443,0.9090909090909091,0.015626192092895508,0.0
