idBase,_acc,tempo_treino,tempo_teste
1446,0.9,0.0,0.0
1446,0.8333333333333334,0.015599489212036133,0.0
1446,0.9333333333333333,0.006515026092529297,0.0
1446,0.8666666666666667,0.0,0.0
1446,0.8666666666666667,0.015641212463378906,0.0
1446,0.8666666666666667,0.0,0.0
1446,0.8275862068965517,0.015629053115844727,0.0
1446,0.9655172413793104,0.0,0.0
1446,0.7931034482758621,0.0,0.0
1446,0.8620689655172413,0.0,0.0
