idBase,_acc,tempo_treino,tempo_teste
1447,0.8787878787878788,0.0,0.0
1447,0.8484848484848485,0.0,0.015621423721313477
1447,0.8787878787878788,0.0,0.006513833999633789
1447,0.8484848484848485,0.0,0.0
1447,0.9393939393939394,0.015642881393432617,0.0
1447,0.9090909090909091,0.0,0.0
1447,0.8787878787878788,0.015623807907104492,0.0
1447,0.875,0.0,0.0
1447,0.8125,0.0,0.0
1447,0.84375,0.01562666893005371,0.0
