idBase,_acc,tempo_treino,tempo_teste
1451,0.9154929577464789,0.0,0.0
1451,0.9154929577464789,0.015657424926757812,0.0
1451,0.9577464788732394,0.021670103073120117,0.0
1451,0.9014084507042254,0.009203195571899414,0.005014657974243164
1451,0.9014084507042254,0.010125875473022461,0.004515647888183594
1451,0.9285714285714286,0.0,0.0
1451,0.9,0.015642642974853516,0.0
1451,0.9571428571428572,0.015624046325683594,0.0
1451,0.8714285714285714,0.0,0.015625953674316406
1451,0.8857142857142857,0.0,0.0
