idBase,_acc,tempo_treino,tempo_teste
1473,0.9,0.008105993270874023,0.0
1473,0.9,0.0,0.0
1473,0.9,0.0,0.0
1473,0.9,0.010048866271972656,0.0
1473,0.8,0.0,0.0
1473,0.8,0.0,0.0
1473,1.0,0.010153532028198242,0.0
1473,1.0,0.0,0.0
1473,0.6,0.0,0.0
1473,1.0,0.008097410202026367,0.0
