idBase,_acc,tempo_treino,tempo_teste
1556,0.5,0.0,0.0
1556,0.5,0.0,0.0
1556,0.5,0.015626192092895508,0.0
1556,0.4166666666666667,0.0,0.0
1556,0.5,0.0,0.0
1556,0.3333333333333333,0.0,0.003051280975341797
1556,0.3333333333333333,0.0,0.005011558532714844
1556,0.5,0.004514455795288086,0.0
1556,0.8333333333333334,0.005017995834350586,0.0
1556,0.5833333333333334,0.0050754547119140625,0.0
