idBase,_acc,tempo_treino,tempo_teste
336,0.6666666666666666,0.0,0.0
336,0.8148148148148148,0.015625,0.0
336,0.7407407407407407,0.008040904998779297,0.0
336,0.8518518518518519,0.0,0.0
336,0.8518518518518519,0.0,0.015645980834960938
336,0.8148148148148148,0.0,0.0
336,0.8148148148148148,0.0,0.0
336,0.8461538461538461,0.0,0.0
336,0.8076923076923077,0.0,0.0
336,0.9615384615384616,0.01563239097595215,0.0
