idBase,_acc,tempo_treino,tempo_teste
450,1.0,0.015609025955200195,0.0
450,0.8888888888888888,0.0,0.0
450,0.9629629629629629,0.006518840789794922,0.0
450,1.0,0.0,0.0
450,1.0,0.0,0.0
450,1.0,0.0,0.0
450,1.0,0.0,0.0
450,0.8076923076923077,0.015694141387939453,0.0
450,1.0,0.0,0.0
450,1.0,0.0,0.0
