idBase,_acc,tempo_treino,tempo_teste
461,0.8,0.01562786102294922,0.0
461,0.9,0.0,0.0
461,1.0,0.0,0.0
461,1.0,0.0,0.0
461,0.9,0.0,0.0
461,1.0,0.0,0.0
461,0.9,0.015625715255737305,0.0
461,0.9,0.006522655487060547,0.0
461,0.8,0.0,0.0
461,0.8,0.0,0.0
