idBase,_acc,tempo_treino,tempo_teste
463,0.8333333333333334,0.015650272369384766,0.0
463,0.8333333333333334,0.0,0.0
463,0.8888888888888888,0.0,0.0
463,0.9444444444444444,0.0,0.0
463,0.7777777777777778,0.0,0.0
463,0.8333333333333334,0.0,0.0
463,0.7777777777777778,0.0,0.0
463,0.9444444444444444,0.0,0.0
463,0.9444444444444444,0.015627384185791016,0.0
463,0.8333333333333334,0.0,0.0
