idBase,_acc,tempo_treino,tempo_teste
750,0.42,0.00897216796875,0.002998828887939453
750,0.5,0.008603334426879883,0.0
750,0.4,0.00517582893371582,0.007950544357299805
750,0.42,0.006787776947021484,0.0
750,0.48,0.006920337677001953,0.0
750,0.42,0.016392230987548828,0.0
750,0.42,0.012921810150146484,0.0029420852661132812
750,0.42,0.00866842269897461,0.0032787322998046875
750,0.46,0.0015516281127929688,0.01019144058227539
750,0.5,0.0055544376373291016,0.006968021392822266
