idBase,_acc,tempo_treino,tempo_teste
763,0.76,0.012811660766601562,0.0
763,0.8,0.0,0.008320331573486328
763,0.84,0.0030066967010498047,0.0010449886322021484
763,0.92,0.004230022430419922,0.001981496810913086
763,0.88,0.0,0.0037839412689208984
763,0.76,0.002941131591796875,0.0015022754669189453
763,0.84,0.0025894641876220703,0.001003265380859375
763,0.8,0.0,0.0
763,0.84,0.0023107528686523438,0.0009813308715820312
763,0.8,0.0029277801513671875,0.0010170936584472656
