idBase,_acc,tempo_treino,tempo_teste
763,0.76,0.0,0.0
763,0.8,0.015649080276489258,0.0
763,0.84,0.0,0.0
763,0.92,0.015600442886352539,0.0
763,0.88,0.0,0.0
763,0.76,0.0065746307373046875,0.0020461082458496094
763,0.84,0.0,0.01013636589050293
763,0.8,0.0,0.008044719696044922
763,0.84,0.0,0.008081436157226562
763,0.8,0.0,0.0
