idBase,_acc,tempo_treino,tempo_teste
773,0.76,0.01564812660217285,0.0
773,0.84,0.0,0.0
773,0.76,0.0,0.0
773,0.88,0.0,0.0
773,0.68,0.015625715255737305,0.0
773,0.72,0.006519317626953125,0.0
773,0.8,0.0,0.0
773,0.84,0.015645980834960938,0.0
773,0.88,0.0,0.0
773,0.92,0.0,0.0
