idBase,_acc,tempo_treino,tempo_teste
773,0.76,0.0,0.0
773,0.84,0.0,0.0
773,0.76,0.0038785934448242188,0.0010797977447509766
773,0.88,0.003014802932739258,0.00011181831359863281
773,0.68,0.0030269622802734375,0.0010344982147216797
773,0.72,0.004012107849121094,0.0011262893676757812
773,0.8,0.00304412841796875,0.00104522705078125
773,0.84,0.00609278678894043,0.0009744167327880859
773,0.88,0.0,0.005182981491088867
773,0.92,0.0041046142578125,0.0016818046569824219
