idBase,_acc,tempo_treino,tempo_teste
776,0.8,0.015627145767211914,0.0
776,0.88,0.0,0.0
776,0.88,0.0,0.015629053115844727
776,0.8,0.0,0.0
776,0.84,0.0,0.0
776,0.92,0.0,0.015618085861206055
776,0.92,0.0,0.006516695022583008
776,0.84,0.0,0.0
776,0.88,0.0,0.0
776,0.96,0.015640974044799805,0.0
