idBase,_acc,tempo_treino,tempo_teste
776,0.8,0.0011184215545654297,0.0
776,0.88,0.0,0.0
776,0.88,0.003694772720336914,0.0009877681732177734
776,0.8,0.00047707557678222656,0.0
776,0.84,0.0,0.0
776,0.92,0.0016450881958007812,0.0009725093841552734
776,0.92,0.001804351806640625,0.0
776,0.84,0.0020017623901367188,0.0
776,0.88,0.0018832683563232422,0.0010018348693847656
776,0.96,0.0019953250885009766,0.0009763240814208984
