idBase,_acc,tempo_treino,tempo_teste
845,0.95,0.016119956970214844,0.0
845,0.85,0.006780385971069336,0.00711822509765625
845,0.85,0.01729559898376465,0.011469841003417969
845,0.86,0.01674056053161621,0.019433975219726562
845,0.8,0.01805400848388672,0.0
845,0.83,0.02450847625732422,0.010474443435668945
845,0.86,0.01977372169494629,0.0020678043365478516
845,0.91,0.021782398223876953,0.0040667057037353516
845,0.87,0.01994013786315918,0.008751153945922852
845,0.86,0.025055408477783203,0.0
