idBase,_acc,tempo_treino,tempo_teste
850,0.9,0.0,0.0
850,0.8,0.0,0.007032871246337891
850,0.6,0.0020008087158203125,0.00045943260192871094
850,0.6,0.0020682811737060547,0.0
850,0.6,0.002039670944213867,0.0
850,0.6,0.0020020008087158203,0.0010273456573486328
850,0.8,0.0033216476440429688,0.0004444122314453125
850,0.6,0.001996278762817383,0.0
850,0.7,0.0020034313201904297,0.0010533332824707031
850,0.7,0.0023229122161865234,0.0010004043579101562
