idBase,_acc,tempo_treino,tempo_teste
850,0.9,0.0,0.0
850,0.8,0.008100509643554688,0.0020492076873779297
850,0.6,0.008043527603149414,0.0
850,0.6,0.0,0.0
850,0.6,0.008081436157226562,0.0
850,0.6,0.0,0.0
850,0.8,0.012097358703613281,0.0
850,0.6,0.0,0.0
850,0.7,0.010137796401977539,0.0
850,0.7,0.0,0.0
