idBase,_acc,tempo_treino,tempo_teste
875,0.7,0.0,0.0
875,0.7,0.0,0.0
875,1.0,0.015624046325683594,0.0
875,1.0,0.0,0.0
875,0.9,0.0,0.0
875,0.9,0.0,0.0
875,0.7,0.0,0.0
875,0.9,0.0,0.0
875,0.5,0.0,0.0
875,0.9,0.015624523162841797,0.0
