idBase,_acc,tempo_treino,tempo_teste
884,0.86,0.0,0.0
884,0.88,0.0,0.013653755187988281
884,0.86,0.005560159683227539,0.003036022186279297
884,0.9,0.0010180473327636719,0.004776477813720703
884,0.88,0.0038831233978271484,0.0031931400299072266
884,0.9,0.004037380218505859,0.0022420883178710938
884,0.88,0.006856441497802734,0.0010399818420410156
884,0.88,0.002156496047973633,0.004251956939697266
884,0.9,0.006265878677368164,0.0010008811950683594
884,0.88,0.003076314926147461,0.003751039505004883
