idBase,_acc,tempo_treino,tempo_teste
889,0.7,0.0,0.0
889,0.9,0.00024390220642089844,0.0
889,1.0,0.0,0.0
889,0.9,0.0020644664764404297,0.0
889,0.7,0.0010569095611572266,0.0
889,0.6,0.0004603862762451172,0.0
889,0.8,0.0035429000854492188,0.0
889,0.5,0.0019943714141845703,0.0010051727294921875
889,1.0,0.0,0.0
889,0.7,0.0,0.0
