idBase,_acc,tempo_treino,tempo_teste
889,0.7,0.0,0.0
889,0.9,0.008044958114624023,0.0
889,1.0,0.0,0.0
889,0.9,0.0,0.010009288787841797
889,0.7,0.0,0.0
889,0.6,0.0,0.0
889,0.8,0.0,0.0
889,0.5,0.0,0.0
889,1.0,0.01564621925354004,0.0
889,0.7,0.0,0.0
