idBase,_acc,tempo_treino,tempo_teste
904,0.76,0.027927398681640625,0.021655559539794922
904,0.84,0.02998042106628418,0.0
904,0.77,0.025177001953125,0.011576652526855469
904,0.83,0.024124622344970703,0.01972484588623047
904,0.8,0.02922987937927246,0.0
904,0.8,0.019222259521484375,0.01599574089050293
904,0.81,0.027460336685180664,0.015565633773803711
904,0.86,0.029790878295898438,0.015316963195800781
904,0.81,0.0331723690032959,0.0
904,0.84,0.020969867706298828,0.016177654266357422
