idBase,_acc,tempo_treino,tempo_teste
926,0.8,0.015581369400024414,0.0
926,0.68,0.0191495418548584,0.0
926,0.84,0.017056941986083984,0.0031261444091796875
926,0.86,0.01567363739013672,0.0
926,0.8,0.015578746795654297,0.0
926,0.76,0.015627145767211914,0.0
926,0.8,0.015622615814208984,0.0
926,0.7,0.01719045639038086,0.015644550323486328
926,0.78,0.01562356948852539,0.0
926,0.8,0.015620946884155273,0.0
