idBase,_acc,tempo_treino,tempo_teste
943,0.86,0.005013465881347656,0.0
943,0.74,0.008551359176635742,0.0
943,0.92,0.009616374969482422,0.0
943,0.88,0.010025501251220703,0.0
943,0.82,0.0,0.01564645767211914
943,0.92,0.0,0.015619277954101562
943,0.84,0.0,0.015674114227294922
943,0.84,0.015609979629516602,0.0
943,0.84,0.0,0.015641212463378906
943,0.88,0.0,0.015659093856811523
