idBase,_acc,tempo_treino,tempo_teste
1011,0.9117647058823529,0.0,0.0
1011,0.9117647058823529,0.0,0.0
1011,0.9411764705882353,0.0,0.0
1011,0.9117647058823529,0.0,0.0
1011,0.9411764705882353,0.015615701675415039,0.0
1011,0.9411764705882353,0.0,0.0
1011,0.9090909090909091,0.0,0.0
1011,0.9090909090909091,0.0,0.0
1011,0.8787878787878788,0.0,0.0
1011,0.9090909090909091,0.015632152557373047,0.0
