idBase,_acc,tempo_treino,tempo_teste
1121,1.0,0.00099945068359375,0.0
1121,1.0,0.0010356903076171875,0.0
1121,1.0,0.00103759765625,0.0009634494781494141
1121,1.0,0.0010042190551757812,0.00099945068359375
1121,1.0,0.0009717941284179688,0.0
1121,1.0,0.001001119613647461,0.0010008811950683594
1121,1.0,0.002039194107055664,0.0
1121,1.0,0.0010395050048828125,0.0
1121,1.0,0.0010402202606201172,0.0
1121,1.0,0.0010068416595458984,0.0
