idBase,_acc,tempo_treino,tempo_teste
1554,0.46,0.003958225250244141,0.0
1554,0.38,0.003996372222900391,0.0004215240478515625
1554,0.5,0.0049550533294677734,0.0
1554,0.4,0.004464149475097656,0.0
1554,0.44,0.005369663238525391,0.0
1554,0.32,0.0039920806884765625,0.0010042190551757812
1554,0.44,0.0050394535064697266,0.0014564990997314453
1554,0.44,0.003605365753173828,0.001100301742553711
1554,0.36,0.005997419357299805,0.0010058879852294922
1554,0.38,0.004865169525146484,0.0
