idBase,_acc,tempo_treino,tempo_teste
1555,0.23,0.03299975395202637,0.0
1555,0.21,0.03636884689331055,0.0010035037994384766
1555,0.21,0.031865596771240234,0.0
1555,0.25,0.03605771064758301,0.0
1555,0.26,0.036922454833984375,0.0010018348693847656
1555,0.21,0.042166709899902344,0.0009582042694091797
1555,0.27,0.03576946258544922,0.0009660720825195312
1555,0.23,0.04122424125671387,0.0
1555,0.2,0.03589606285095215,0.0009961128234863281
1555,0.26,0.03880429267883301,0.0
