idBase,_acc,tempo_treino,tempo_teste
723,0.85,0.0169985294342041,0.0
723,0.87,0.022577762603759766,0.0
723,0.89,0.017830610275268555,0.0
723,0.85,0.016849517822265625,0.0
723,0.86,0.022723913192749023,0.001004934310913086
723,0.84,0.019686222076416016,0.0
723,0.82,0.021745681762695312,0.0009608268737792969
723,0.81,0.017503738403320312,0.0009572505950927734
723,0.88,0.017586231231689453,0.0
723,0.82,0.019779682159423828,0.0
