idBase,_acc,tempo_treino,tempo_teste
726,0.5,0.002998828887939453,0.0009992122650146484
726,0.7,0.0019981861114501953,0.0009999275207519531
726,0.8,0.002000093460083008,0.00099945068359375
726,0.8,0.002192974090576172,0.0
726,0.7,0.0010056495666503906,0.0
726,0.5,0.0027379989624023438,0.001005411148071289
726,0.8,0.00099945068359375,0.0
726,0.8,0.0030412673950195312,0.0
726,0.7,0.0014493465423583984,0.0
726,0.6,0.0019948482513427734,0.0006685256958007812
