idBase,_acc,tempo_treino,tempo_teste
743,0.89,0.0,0.0
743,0.89,0.0,0.0
743,0.84,0.015614509582519531,0.0
743,0.9,0.006569862365722656,0.0
743,0.89,0.0,0.0
743,0.94,0.0,0.0
743,0.9,0.0,0.0
743,0.82,0.0,0.0
743,0.86,0.01566028594970703,0.0
743,0.9,0.0,0.0
