idBase,_acc,tempo_treino,tempo_teste
746,0.92,0.0,0.0
746,0.88,0.015663623809814453,0.0
746,0.88,0.006563663482666016,0.0
746,0.84,0.0,0.0
746,0.84,0.0,0.0
746,0.72,0.015685081481933594,0.0
746,0.76,0.0,0.0
746,0.72,0.0,0.0
746,0.72,0.015578985214233398,0.0
746,0.8,0.0,0.0
