idBase,_acc,tempo_treino,tempo_teste
766,0.82,0.015624284744262695,0.0
766,0.8,0.015623331069946289,0.0
766,0.84,0.022159576416015625,0.0
766,0.76,0.015691280364990234,0.0
766,0.78,0.01562786102294922,0.0
766,0.8,0.015569686889648438,0.0
766,0.74,0.031252145767211914,0.0
766,0.78,0.015622854232788086,0.0
766,0.7,0.0222475528717041,0.0
766,0.76,0.015606164932250977,0.0
