idBase,_acc,tempo_treino,tempo_teste
768,0.8,0.0019998550415039062,0.0
768,0.6,0.0020384788513183594,0.0
768,0.6,0.001848459243774414,0.001005411148071289
768,0.6,0.0020341873168945312,0.0009872913360595703
768,0.6,0.0,0.0
768,0.6,0.0,0.0
768,0.7,0.0,0.0
768,0.7,0.01563262939453125,0.0
768,0.4,0.0,0.0
768,0.5,0.0,0.0
