idBase,_acc,tempo_treino,tempo_teste
769,0.72,0.0,0.0
769,0.84,0.0156252384185791,0.0
769,0.84,0.0,0.0
769,0.88,0.01562952995300293,0.0
769,0.76,0.0,0.0
769,0.76,0.006571054458618164,0.0
769,0.96,0.0,0.0
769,0.84,0.015695810317993164,0.0
769,0.72,0.0,0.0
769,0.76,0.015611886978149414,0.0
