idBase,_acc,tempo_treino,tempo_teste
779,0.74,0.015657424926757812,0.0
779,0.82,0.0,0.0
779,0.9,0.01569819450378418,0.0
779,0.82,0.0,0.0
779,0.88,0.015614986419677734,0.0
779,0.74,0.0,0.0
779,0.82,0.0,0.0
779,0.64,0.01566910743713379,0.0
779,0.82,0.0,0.0
779,0.84,0.01562190055847168,0.0
