idBase,_acc,tempo_treino,tempo_teste
783,0.6,0.0010104179382324219,0.0
783,1.0,0.0010271072387695312,0.0
783,0.7,0.0015239715576171875,0.0
783,0.9,0.0020186901092529297,0.0
783,0.9,0.0019168853759765625,0.0
783,0.8,0.0019974708557128906,0.0
783,0.7,0.002919435501098633,0.0
783,0.9,0.0020189285278320312,0.0
783,0.9,0.0020215511322021484,0.0
783,0.7,0.0016024112701416016,0.0
