idBase,_acc,tempo_treino,tempo_teste
797,0.81,0.0440373420715332,0.00096893310546875
797,0.86,0.05275583267211914,0.0
797,0.86,0.04059004783630371,0.0
797,0.85,0.0376276969909668,0.0009653568267822266
797,0.87,0.04958367347717285,0.0009691715240478516
797,0.73,0.04891180992126465,0.001001119613647461
797,0.73,0.054438114166259766,0.0009677410125732422
797,0.78,0.04167652130126953,0.0
797,0.89,0.0448148250579834,0.0
797,0.81,0.043715715408325195,0.0
