idBase,_acc,tempo_treino,tempo_teste
805,0.78,0.014049768447875977,0.0
805,0.8,0.014713287353515625,0.0
805,0.9,0.019764423370361328,0.0
805,0.78,0.02222418785095215,0.0
805,0.72,0.01874995231628418,0.0
805,0.76,0.01879596710205078,0.0
805,0.72,0.02009415626525879,0.0
805,0.84,0.021680116653442383,0.0009670257568359375
805,0.84,0.01479649543762207,0.0
805,0.8,0.012941122055053711,0.0
