idBase,_acc,tempo_treino,tempo_teste
806,0.8,0.06701827049255371,0.0
806,0.82,0.0572202205657959,0.0
806,0.74,0.055954933166503906,0.0
806,0.86,0.04465675354003906,0.0
806,0.86,0.05383563041687012,0.0009961128234863281
806,0.84,0.05588388442993164,0.0009968280792236328
806,0.81,0.05600309371948242,0.0
806,0.85,0.0420377254486084,0.0
806,0.82,0.07921457290649414,0.0
806,0.86,0.055825233459472656,0.0
