idBase,_acc,tempo_treino,tempo_teste
812,0.8,0.015625953674316406,0.0
812,0.9,0.0,0.0
812,0.8,0.0,0.0
812,0.7,0.0,0.0
812,0.6,0.0,0.0
812,0.7,0.0,0.015653133392333984
812,0.4,0.0,0.0
812,0.8,0.0,0.0
812,0.7,0.0,0.0
812,0.9,0.0,0.0
