idBase,_acc,tempo_treino,tempo_teste
832,0.76,0.0050220489501953125,0.0
832,0.8,0.00492095947265625,0.0
832,0.92,0.004564523696899414,0.0
832,0.76,0.004032611846923828,0.00037741661071777344
832,0.84,0.005414485931396484,0.0
832,0.84,0.004770994186401367,0.0010056495666503906
832,0.72,0.0058972835540771484,0.0
832,0.64,0.005734920501708984,0.0010063648223876953
832,0.88,0.0057408809661865234,0.0
832,0.8,0.0040318965911865234,0.00034928321838378906
