idBase,_acc,tempo_treino,tempo_teste
838,0.76,0.007998943328857422,0.0010039806365966797
838,0.78,0.007864713668823242,0.0009624958038330078
838,0.82,0.01084446907043457,0.0
838,0.9,0.007946968078613281,0.0009577274322509766
838,0.88,0.00771331787109375,0.0
838,0.82,0.007772207260131836,0.001004934310913086
838,0.88,0.008829116821289062,0.0
838,0.78,0.009794950485229492,0.0010044574737548828
838,0.7,0.010566949844360352,0.0
838,0.68,0.012911558151245117,0.0010077953338623047
