idBase,_acc,tempo_treino,tempo_teste
866,0.81,0.06200098991394043,0.0
866,0.83,0.05975461006164551,0.0
866,0.87,0.05681490898132324,0.0009539127349853516
866,0.8,0.04685521125793457,0.00577235221862793
866,0.84,0.052253007888793945,0.0009984970092773438
866,0.81,0.04796791076660156,0.0
866,0.82,0.04689455032348633,0.0
866,0.9,0.05345416069030762,0.0
866,0.82,0.04689311981201172,0.0
866,0.85,0.046877384185791016,0.006518363952636719
