idBase,_acc,tempo_treino,tempo_teste
873,0.68,0.005988121032714844,0.0
873,0.8,0.006730318069458008,0.001001119613647461
873,0.76,0.007860183715820312,0.0
873,0.8,0.00701451301574707,0.0
873,0.72,0.007930278778076172,0.0
873,0.88,0.00776362419128418,0.0
873,0.92,0.009099006652832031,0.0
873,0.72,0.005769014358520508,0.0009679794311523438
873,0.92,0.0099334716796875,0.0010440349578857422
873,0.88,0.005916595458984375,0.0
