idBase,_acc,tempo_treino,tempo_teste
877,0.76,0.008988142013549805,0.0010018348693847656
877,0.88,0.010045289993286133,0.0
877,0.8,0.008966445922851562,0.0009963512420654297
877,0.84,0.0140228271484375,0.0010023117065429688
877,0.68,0.011996269226074219,0.0005040168762207031
877,0.88,0.008003473281860352,0.0
877,0.84,0.011078357696533203,0.001001596450805664
877,0.6,0.008492231369018555,0.0
877,0.76,0.008893251419067383,0.0
877,0.72,0.010912895202636719,0.0
