idBase,_acc,tempo_treino,tempo_teste
879,0.78,0.010004520416259766,0.0
879,0.72,0.013531923294067383,0.0
879,0.8,0.010887861251831055,0.0010020732879638672
879,0.84,0.013414144515991211,0.0004105567932128906
879,0.86,0.01291966438293457,0.0
879,0.72,0.00989675521850586,0.0
879,0.74,0.013885974884033203,0.0
879,0.84,0.014795064926147461,0.0
879,0.78,0.011976480484008789,0.0
879,0.84,0.012230157852172852,0.0
