idBase,_acc,tempo_treino,tempo_teste
908,0.475,0.0029997825622558594,0.001003265380859375
908,0.575,0.0050547122955322266,0.0
908,0.425,0.0030400753021240234,0.0009586811065673828
908,0.425,0.002152681350708008,0.0
908,0.35,0.002996206283569336,0.0
908,0.625,0.003031492233276367,0.0005075931549072266
908,0.425,0.004059791564941406,0.0004703998565673828
908,0.3,0.004058837890625,0.0009107589721679688
908,0.3,0.00502324104309082,0.0
908,0.4,0.004996061325073242,0.000469207763671875
