idBase,_acc,tempo_treino,tempo_teste
912,0.88,0.0,0.0
912,0.9,0.0,0.0
912,0.92,0.0,0.0
912,0.9,0.015630483627319336,0.0
912,0.94,0.0,0.0
912,0.87,0.015625953674316406,0.0
912,0.89,0.006571054458618164,0.0
912,0.88,0.0,0.0
912,0.94,0.0,0.0
912,0.86,0.01564931869506836,0.0
