idBase,_acc,tempo_treino,tempo_teste
913,0.91,0.0,0.0
913,0.85,0.022236347198486328,0.0
913,0.87,0.0,0.0
913,0.94,0.01568889617919922,0.0
913,0.86,0.015617132186889648,0.0
913,0.91,0.0,0.0
913,0.88,0.015590190887451172,0.0
913,0.88,0.015650272369384766,0.0
913,0.86,0.0,0.0
913,0.9,0.01559305191040039,0.0
