idBase,_acc,tempo_treino,tempo_teste
917,0.85,0.01567983627319336,0.0
917,0.86,0.0156252384185791,0.015588998794555664
917,0.89,0.015666723251342773,0.0
917,0.82,0.015598535537719727,0.0
917,0.83,0.022206544876098633,0.0
917,0.82,0.020663738250732422,0.0
917,0.89,0.015690088272094727,0.0
917,0.75,0.03124713897705078,0.0
917,0.84,0.015570640563964844,0.0
917,0.8,0.01716923713684082,0.0
