idBase,_acc,tempo_treino,tempo_teste
918,0.72,0.0070226192474365234,0.0
918,0.88,0.0069751739501953125,0.0
918,0.84,0.007861614227294922,0.0009624958038330078
918,0.72,0.005765676498413086,0.0
918,0.8,0.005974531173706055,0.0010144710540771484
918,0.72,0.006760120391845703,0.0009622573852539062
918,0.72,0.00789785385131836,0.0
918,0.64,0.007921934127807617,0.0
918,0.72,0.006887197494506836,0.0
918,0.76,0.006875276565551758,0.0009913444519042969
