idBase,_acc,tempo_treino,tempo_teste
932,0.8,0.0019617080688476562,0.0010030269622802734
932,0.9,0.0019555091857910156,0.0
932,0.7,0.0024747848510742188,0.0009615421295166016
932,0.8,0.001997709274291992,0.0010025501251220703
932,0.5,0.002037525177001953,0.0
932,1.0,0.003038167953491211,0.0009663105010986328
932,0.8,0.00509190559387207,0.0
932,0.6,0.0029921531677246094,0.0
932,0.6,0.0028946399688720703,0.0009725093841552734
932,0.9,0.0028388500213623047,0.0
