idBase,_acc,tempo_treino,tempo_teste
933,0.64,0.0040090084075927734,0.0
933,0.84,0.005915403366088867,0.0010013580322265625
933,0.88,0.004912614822387695,0.0
933,0.64,0.005041837692260742,0.0006194114685058594
933,0.92,0.006941795349121094,0.0010077953338623047
933,0.8,0.006146907806396484,0.0
933,0.8,0.00525355339050293,0.0
933,0.76,0.0,0.0
933,0.84,0.003996133804321289,0.0
933,0.8,0.004053354263305664,0.0
