idBase,_acc,tempo_treino,tempo_teste
965,1.0,0.001033782958984375,0.0
965,1.0,0.0,0.0
965,1.0,0.0,0.0
965,1.0,0.0019991397857666016,0.0
965,1.0,0.000997304916381836,0.0
965,1.0,0.002015352249145508,0.0
965,1.0,0.001550912857055664,0.0
965,1.0,0.0,0.0
965,1.0,0.0010018348693847656,0.0010042190551757812
965,1.0,0.0009965896606445312,0.00046062469482421875
