idBase,_acc,tempo_treino,tempo_teste
969,1.0,0.0010001659393310547,0.0
969,1.0,0.002007007598876953,0.0
969,1.0,0.0019960403442382812,0.0
969,1.0,0.0010073184967041016,0.0
969,1.0,0.0015435218811035156,0.0
969,1.0,0.0010154247283935547,0.0
969,1.0,0.0021271705627441406,0.0
969,1.0,0.001993417739868164,0.0
969,1.0,0.0015957355499267578,0.0
969,1.0,0.0020024776458740234,0.0
