idBase,_acc,tempo_treino,tempo_teste
1167,0.71875,0.0,0.0
1167,0.4375,0.0,0.0
1167,0.625,0.001998424530029297,0.0007538795471191406
1167,0.625,0.002001523971557617,0.0009992122650146484
1167,0.84375,0.0007548332214355469,0.0
1167,0.65625,0.0,0.0
1167,0.75,0.0,0.0
1167,0.71875,0.003002166748046875,0.0
1167,0.71875,0.002551555633544922,0.001016855239868164
1167,0.6875,0.0009751319885253906,0.0
