idBase,_acc,tempo_treino,tempo_teste
1473,0.7,0.0,0.0
1473,0.9,0.0,0.0
1473,0.9,0.0,0.0
1473,0.5,0.0009999275207519531,0.0
1473,0.7,0.0010001659393310547,0.0010004043579101562
1473,0.8,0.0009992122650146484,0.0
1473,1.0,0.001020669937133789,0.0009772777557373047
1473,0.9,0.0010602474212646484,0.0
1473,0.6,0.0009968280792236328,0.0
1473,0.7,0.0018966197967529297,0.0
