idBase,_acc,tempo_treino,tempo_teste
1490,0.5263157894736842,0.003123760223388672,0.0
1490,0.42105263157894735,0.0,0.0
1490,0.5,0.0,0.0
1490,0.7777777777777778,0.0020017623901367188,0.0
1490,0.6111111111111112,0.003057718276977539,0.0
1490,0.7777777777777778,0.0034694671630859375,0.0
1490,0.6666666666666666,0.0010039806365966797,0.0
1490,0.6666666666666666,0.0,0.0
1490,0.5555555555555556,0.002996683120727539,0.0
1490,0.4444444444444444,0.0024039745330810547,0.0
