idBase,_acc,tempo_treino,tempo_teste
1547,0.75,0.0,0.0
1547,0.62,0.012835979461669922,0.0009632110595703125
1547,0.76,0.0034677982330322266,0.0
1547,0.64,0.0,0.0
1547,0.63,0.004209995269775391,0.0
1547,0.71,0.0,0.0
1547,0.68,0.005463361740112305,0.0
1547,0.69,0.0,0.0
1547,0.61,0.004036664962768555,0.0
1547,0.69,0.005141735076904297,0.0
