idBase,_acc,tempo_treino,tempo_teste
1549,0.2,0.03220629692077637,0.0
1549,0.14666666666666667,0.018680334091186523,0.0
1549,0.13333333333333333,0.023466825485229492,0.0
1549,0.2,0.01938176155090332,0.0
1549,0.2,0.0384984016418457,0.0
1549,0.14666666666666667,0.03384089469909668,0.0
1549,0.2,0.033884525299072266,0.0
1549,0.29333333333333333,0.031555891036987305,0.0
1549,0.29333333333333333,0.03383064270019531,0.0
1549,0.24,0.03311586380004883,0.0
