idBase,_acc,tempo_treino,tempo_teste
1554,0.46,0.003998279571533203,0.0010080337524414062
1554,0.38,0.0039920806884765625,0.0
1554,0.5,0.003597259521484375,0.0
1554,0.4,0.003036022186279297,0.0003733634948730469
1554,0.44,0.004038095474243164,0.0
1554,0.32,0.003000497817993164,0.0010013580322265625
1554,0.44,0.0030372142791748047,0.0
1554,0.44,0.003046751022338867,0.0009541511535644531
1554,0.36,0.0030450820922851562,0.0
1554,0.38,0.003000020980834961,0.0010485649108886719
