idBase,_acc,tempo_treino,tempo_teste
1555,0.23,0.028004169464111328,0.0
1555,0.21,0.025484085083007812,0.0
1555,0.21,0.031835079193115234,0.0010013580322265625
1555,0.25,0.02722024917602539,0.0
1555,0.26,0.028805017471313477,0.0
1555,0.21,0.027639389038085938,0.0009632110595703125
1555,0.27,0.02765655517578125,0.0010051727294921875
1555,0.23,0.02748560905456543,0.000980377197265625
1555,0.2,0.026486635208129883,0.0009655952453613281
1555,0.26,0.026465892791748047,0.0
