idBase,_acc,tempo_treino,tempo_teste
1556,1.0,0.0010008811950683594,0.0009999275207519531
1556,1.0,0.0010445117950439453,0.0
1556,1.0,0.0010025501251220703,0.0
1556,1.0,0.0010564327239990234,0.0
1556,1.0,0.001004934310913086,0.0
1556,1.0,0.0010280609130859375,0.0
1556,1.0,0.0010030269622802734,0.0
1556,1.0,0.0020437240600585938,0.0
1556,1.0,0.001421213150024414,0.0
1556,1.0,0.0010008811950683594,0.0
