idBase,_acc,tempo_treino,tempo_teste
715,0.9,0.03245854377746582,0.0
715,0.82,0.019809722900390625,0.0
715,0.79,0.01998448371887207,0.0
715,0.76,0.02693343162536621,0.0
715,0.89,0.01914238929748535,0.0
715,0.8,0.026724815368652344,0.0
715,0.82,0.024098873138427734,0.0
715,0.83,0.02292323112487793,0.0
715,0.87,0.021242141723632812,0.0
715,0.89,0.03072524070739746,0.0
