idBase,_acc,tempo_treino,tempo_teste
723,0.85,0.020192861557006836,0.0
723,0.87,0.0218203067779541,0.0
723,0.89,0.0331571102142334,0.0
723,0.85,0.03150010108947754,0.0
723,0.86,0.029269933700561523,0.0009968280792236328
723,0.84,0.030381202697753906,0.0
723,0.82,0.03271055221557617,0.0
723,0.81,0.01999354362487793,0.0
723,0.88,0.026900768280029297,0.0
723,0.82,0.027933835983276367,0.0
