idBase,_acc,tempo_treino,tempo_teste
723,0.85,0.002049684524536133,0.0
723,0.87,0.01604175567626953,0.0
723,0.89,0.004336833953857422,0.0
723,0.85,0.015538454055786133,0.0009999275207519531
723,0.86,0.014286041259765625,0.0
723,0.84,0.013936281204223633,0.0
723,0.82,0.017924070358276367,0.0
723,0.81,0.012525796890258789,0.0
723,0.88,0.011600732803344727,0.0
723,0.82,0.022723913192749023,0.0
