idBase,_acc,tempo_treino,tempo_teste
726,0.5,0.012307882308959961,0.0
726,0.7,0.0,0.0
726,0.8,0.0010581016540527344,0.0009419918060302734
726,0.8,0.001497507095336914,0.0
726,0.7,0.003783702850341797,0.0
726,0.5,0.001996755599975586,0.0004069805145263672
726,0.8,0.0019979476928710938,0.0
726,0.8,0.0,0.0
726,0.7,0.005316972732543945,0.0
726,0.6,0.0029082298278808594,0.0010082721710205078
