idBase,_acc,tempo_treino,tempo_teste
726,0.5,0.0,0.0
726,0.7,0.0,0.0
726,0.8,0.009775161743164062,0.001007080078125
726,0.8,0.0008826255798339844,0.0
726,0.7,0.001955270767211914,0.0
726,0.5,0.0012001991271972656,0.0
726,0.8,0.0009570121765136719,0.0009412765502929688
726,0.8,0.0011327266693115234,0.0
726,0.7,0.0027418136596679688,0.0
726,0.6,0.0010669231414794922,0.0
