idBase,_acc,tempo_treino,tempo_teste
743,0.89,0.0,0.0
743,0.89,0.01929330825805664,0.0009982585906982422
743,0.84,0.046762704849243164,0.0
743,0.9,0.009688854217529297,0.0
743,0.89,0.004206418991088867,0.0
743,0.94,0.011637687683105469,0.00066375732421875
743,0.9,0.004451751708984375,0.0
743,0.82,0.006988525390625,0.0
743,0.86,0.00643610954284668,0.0
743,0.9,0.0021164417266845703,0.0
