idBase,_acc,tempo_treino,tempo_teste
743,0.89,0.0050127506256103516,0.0
743,0.89,0.009593009948730469,0.0
743,0.84,0.003181934356689453,0.0
743,0.9,0.00525975227355957,0.0009217262268066406
743,0.89,0.004683256149291992,0.0
743,0.94,0.003184795379638672,0.0
743,0.9,0.004467487335205078,0.021024465560913086
743,0.82,0.005173921585083008,0.0
743,0.86,0.010088205337524414,0.0
743,0.9,0.004010438919067383,0.0
