idBase,_acc,tempo_treino,tempo_teste
746,0.92,0.005059480667114258,0.0
746,0.88,0.0050923824310302734,0.0
746,0.88,0.0032405853271484375,0.0
746,0.84,0.0030434131622314453,0.0
746,0.84,0.003362894058227539,0.0
746,0.72,0.004107475280761719,0.0010390281677246094
746,0.76,0.0,0.0
746,0.72,0.0031228065490722656,0.0013973712921142578
746,0.72,0.0028722286224365234,0.0
746,0.8,0.0022606849670410156,0.0
