idBase,_acc,tempo_treino,tempo_teste
746,0.92,0.0013420581817626953,0.0
746,0.88,0.0,0.0
746,0.88,0.004144191741943359,0.0
746,0.84,0.0,0.0
746,0.84,0.007636547088623047,0.0
746,0.72,0.0061130523681640625,0.0010013580322265625
746,0.76,0.005700349807739258,0.0006518363952636719
746,0.72,0.005189657211303711,0.0
746,0.72,0.006003379821777344,0.0013835430145263672
746,0.8,0.002682924270629883,0.0
