idBase,_acc,tempo_treino,tempo_teste
766,0.82,0.031159400939941406,0.0010006427764892578
766,0.8,0.0193631649017334,0.0
766,0.84,0.024797916412353516,0.0
766,0.76,0.023633241653442383,0.001009225845336914
766,0.78,0.024639368057250977,0.0
766,0.8,0.027546405792236328,0.0
766,0.74,0.021752595901489258,0.0006716251373291016
766,0.78,0.01909494400024414,0.0
766,0.7,0.026103734970092773,0.0
766,0.76,0.020721435546875,0.0010609626770019531
