idBase,_acc,tempo_treino,tempo_teste
768,0.8,0.0,0.0
768,0.6,0.0,0.0
768,0.6,0.002759695053100586,0.0010058879852294922
768,0.6,0.0009617805480957031,0.0
768,0.6,0.0,0.0
768,0.6,0.0010442733764648438,0.0
768,0.7,0.0032422542572021484,0.00013256072998046875
768,0.7,0.0020024776458740234,0.0
768,0.4,0.0,0.0
768,0.5,0.006349325180053711,0.0
