idBase,_acc,tempo_treino,tempo_teste
768,0.8,0.0,0.0
768,0.6,0.0,0.0
768,0.6,0.0033283233642578125,0.0009992122650146484
768,0.6,0.0027875900268554688,0.0011823177337646484
768,0.6,0.002001523971557617,0.0
768,0.6,0.004121065139770508,0.0
768,0.7,0.005002737045288086,0.001004934310913086
768,0.7,0.0030035972595214844,0.0006411075592041016
768,0.4,0.0020771026611328125,0.0
768,0.5,0.003001689910888672,0.0010018348693847656
