idBase,_acc,tempo_treino,tempo_teste
769,0.72,0.0,0.0
769,0.84,0.018280982971191406,0.0
769,0.84,0.001420736312866211,0.0
769,0.88,0.009005069732666016,0.000972747802734375
769,0.76,0.002076864242553711,0.0053021907806396484
769,0.76,0.007185935974121094,0.0
769,0.96,0.007413148880004883,0.0010004043579101562
769,0.84,0.0076863765716552734,0.0
769,0.72,0.009902715682983398,0.0
769,0.76,0.0030689239501953125,0.0
