idBase,_acc,tempo_treino,tempo_teste
769,0.72,0.0040683746337890625,0.0
769,0.84,0.006426572799682617,0.0009484291076660156
769,0.84,0.002179384231567383,0.0
769,0.88,0.0050029754638671875,0.0
769,0.76,0.004316806793212891,0.0
769,0.76,0.004712343215942383,0.0
769,0.96,0.008602380752563477,0.0
769,0.84,0.00500798225402832,0.0
769,0.72,0.0045435428619384766,0.0
769,0.76,0.004637956619262695,0.0
