idBase,_acc,tempo_treino,tempo_teste
779,0.74,0.010996818542480469,0.0
779,0.82,0.012083053588867188,0.0
779,0.9,0.012934684753417969,0.0
779,0.82,0.015340089797973633,0.0010638236999511719
779,0.88,0.016734600067138672,0.0
779,0.74,0.01504826545715332,0.0
779,0.82,0.016050100326538086,0.0
779,0.64,0.013602972030639648,0.00099945068359375
779,0.82,0.011095046997070312,0.0009169578552246094
779,0.84,0.009648799896240234,0.0009987354278564453
