idBase,_acc,tempo_treino,tempo_teste
783,0.6,0.0,0.0
783,1.0,0.0,0.0
783,0.7,0.0,0.0
783,0.9,0.002002239227294922,0.00022554397583007812
783,0.9,0.0018935203552246094,0.0
783,0.8,0.0,0.0
783,0.7,0.0,0.0
783,0.9,0.0010623931884765625,0.0009365081787109375
783,0.9,0.0009999275207519531,0.0009989738464355469
783,0.7,0.00240325927734375,0.0
