idBase,_acc,tempo_treino,tempo_teste
783,0.6,0.0,0.0
783,1.0,0.0,0.0
783,0.7,0.0026760101318359375,0.00048470497131347656
783,0.9,0.0009965896606445312,0.0
783,0.9,0.002090930938720703,0.0
783,0.8,0.0010077953338623047,0.0
783,0.7,0.0010266304016113281,0.0
783,0.9,0.0010008811950683594,0.001004934310913086
783,0.9,0.0009913444519042969,0.0010023117065429688
783,0.7,0.002008676528930664,0.0
