idBase,_acc,tempo_treino,tempo_teste
797,0.81,0.07271194458007812,3.8623809814453125e-05
797,0.86,0.08765959739685059,0.001007080078125
797,0.86,0.08031010627746582,0.0
797,0.85,0.07539749145507812,0.0
797,0.87,0.08693718910217285,0.0010023117065429688
797,0.73,0.08343052864074707,0.0
797,0.73,0.05906248092651367,0.0
797,0.78,0.05487418174743652,0.0
797,0.89,0.05127906799316406,0.0
797,0.81,0.05001473426818848,0.014238834381103516
