idBase,_acc,tempo_treino,tempo_teste
797,0.81,0.019568920135498047,0.0
797,0.86,0.03969383239746094,0.0
797,0.86,0.03352189064025879,0.0
797,0.85,0.023197412490844727,0.0
797,0.87,0.02601146697998047,0.0
797,0.73,0.03438115119934082,0.0009405612945556641
797,0.73,0.03375124931335449,0.0
797,0.78,0.03313565254211426,0.0
797,0.89,0.03322625160217285,0.0
797,0.81,0.04778480529785156,0.0
