idBase,_acc,tempo_treino,tempo_teste
805,0.78,0.018407821655273438,0.0
805,0.8,0.012584686279296875,0.0
805,0.9,0.012542009353637695,0.0
805,0.78,0.020978927612304688,0.0
805,0.72,0.01602768898010254,0.0
805,0.76,0.01734018325805664,0.0
805,0.72,0.016733169555664062,0.0
805,0.84,0.023283004760742188,0.0
805,0.84,0.01864147186279297,0.0
805,0.8,0.011688709259033203,0.0
