idBase,_acc,tempo_treino,tempo_teste
806,0.8,0.048590898513793945,0.0
806,0.82,0.035186052322387695,0.0
806,0.74,0.03293943405151367,0.0
806,0.86,0.0334932804107666,0.0
806,0.86,0.03328251838684082,0.0
806,0.84,0.03344893455505371,0.0
806,0.81,0.033051252365112305,0.0
806,0.85,0.03381800651550293,0.0
806,0.82,0.03844022750854492,0.0
806,0.86,0.03234148025512695,0.0
