idBase,_acc,tempo_treino,tempo_teste
806,0.8,0.045653581619262695,0.0
806,0.82,0.05345606803894043,0.013685464859008789
806,0.74,0.06659936904907227,0.000997781753540039
806,0.86,0.054303884506225586,0.0
806,0.86,0.06655049324035645,0.00099945068359375
806,0.84,0.044333457946777344,0.0
806,0.81,0.050695180892944336,0.0
806,0.85,0.05795025825500488,0.0
806,0.82,0.060950517654418945,0.0
806,0.86,0.05063652992248535,0.0
