idBase,_acc,tempo_treino,tempo_teste
812,0.8,0.0014719963073730469,0.0
812,0.9,0.0,0.0
812,0.8,0.01129460334777832,0.0009996891021728516
812,0.7,0.0034677982330322266,0.0
812,0.6,0.0017902851104736328,0.0
812,0.7,0.0029981136322021484,0.0009980201721191406
812,0.4,0.0032091140747070312,0.0009970664978027344
812,0.8,0.0042340755462646484,0.0
812,0.7,0.0020520687103271484,0.0
812,0.9,0.005827426910400391,0.0
