idBase,_acc,tempo_treino,tempo_teste
812,0.8,0.0,0.0
812,0.9,0.0,0.0
812,0.8,0.0,0.0005397796630859375
812,0.7,0.0020074844360351562,0.0
812,0.6,0.001222848892211914,0.0
812,0.7,0.003790616989135742,0.0
812,0.4,0.0010063648223876953,0.0
812,0.8,0.0018923282623291016,0.0004894733428955078
812,0.7,0.0017480850219726562,0.0
812,0.9,0.0016472339630126953,0.0
