idBase,_acc,tempo_treino,tempo_teste
832,0.76,0.0,0.0
832,0.8,0.0,0.0
832,0.92,0.004541635513305664,0.0003879070281982422
832,0.76,0.0009608268737792969,0.0
832,0.84,0.004001617431640625,0.001001119613647461
832,0.84,0.004004240036010742,0.0
832,0.72,0.0029976367950439453,0.0
832,0.64,0.005075693130493164,0.0
832,0.88,0.004733085632324219,0.0
832,0.8,0.00396418571472168,0.0
