idBase,_acc,tempo_treino,tempo_teste
832,0.76,0.014077425003051758,0.0
832,0.8,0.0,0.0
832,0.92,0.005999565124511719,0.0008556842803955078
832,0.76,0.00545811653137207,0.0
832,0.84,0.008001565933227539,0.0010025501251220703
832,0.84,0.008642911911010742,0.0
832,0.72,0.0072193145751953125,0.0010025501251220703
832,0.64,0.007574796676635742,0.0009999275207519531
832,0.88,0.006524562835693359,0.0
832,0.8,0.010748147964477539,0.001005411148071289
