idBase,_acc,tempo_treino,tempo_teste
837,0.81,0.04664278030395508,0.0010607242584228516
837,0.87,0.05545353889465332,0.0
837,0.82,0.04671740531921387,0.0
837,0.83,0.05298924446105957,0.0
837,0.88,0.06368684768676758,0.0
837,0.8,0.03681826591491699,0.0
837,0.87,0.06243634223937988,0.0
837,0.81,0.05230569839477539,0.0
837,0.84,0.08153867721557617,0.013593435287475586
837,0.82,0.03693032264709473,0.0
