idBase,_acc,tempo_treino,tempo_teste
838,0.76,0.013761758804321289,0.0
838,0.78,0.0011315345764160156,0.011542797088623047
838,0.82,0.005990743637084961,0.0
838,0.9,0.010492086410522461,0.0010066032409667969
838,0.88,0.0062024593353271484,0.006636381149291992
838,0.82,0.009012460708618164,0.0
838,0.88,0.01064443588256836,0.0010390281677246094
838,0.78,0.004017353057861328,0.0
838,0.7,0.004934072494506836,0.0
838,0.68,0.010193586349487305,0.0009667873382568359
