idBase,_acc,tempo_treino,tempo_teste
866,0.81,0.05391240119934082,0.0
866,0.83,0.08573436737060547,0.0
866,0.87,0.07153129577636719,0.0
866,0.8,0.0739142894744873,0.0009915828704833984
866,0.84,0.04548931121826172,0.0
866,0.81,0.06392669677734375,0.0
866,0.82,0.06689763069152832,0.0
866,0.9,0.049726009368896484,0.0
866,0.82,0.05305027961730957,0.007513523101806641
866,0.85,0.04164624214172363,0.0
