idBase,_acc,tempo_treino,tempo_teste
866,0.81,0.02653789520263672,0.0
866,0.83,0.033212900161743164,0.0
866,0.87,0.03227591514587402,0.0009763240814208984
866,0.8,0.03301215171813965,0.0
866,0.84,0.03339409828186035,0.0
866,0.81,0.03332352638244629,0.0
866,0.82,0.037705421447753906,0.0
866,0.9,0.034311771392822266,0.0
866,0.82,0.04240727424621582,0.0009984970092773438
866,0.85,0.021358489990234375,0.0
