idBase,_acc,tempo_treino,tempo_teste
873,0.68,0.003519296646118164,0.0
873,0.8,0.019246816635131836,0.0
873,0.76,0.010115385055541992,0.0010030269622802734
873,0.8,0.0,0.010381460189819336
873,0.72,0.008582115173339844,0.0
873,0.88,0.01172947883605957,0.0010061264038085938
873,0.92,0.003454923629760742,0.0
873,0.72,0.008278608322143555,0.0
873,0.92,0.010746479034423828,0.0010118484497070312
873,0.88,0.011150360107421875,0.0
