idBase,_acc,tempo_treino,tempo_teste
877,0.76,0.009534120559692383,0.0
877,0.88,0.0,0.015637874603271484
877,0.8,0.01019597053527832,0.0
877,0.84,0.009233951568603516,0.0
877,0.68,0.003357410430908203,0.0
877,0.88,0.009035587310791016,0.0009989738464355469
877,0.84,0.010602951049804688,0.0
877,0.6,0.002524852752685547,0.0
877,0.76,0.01035165786743164,0.0
877,0.72,0.010794878005981445,0.0012679100036621094
