idBase,_acc,tempo_treino,tempo_teste
879,0.78,0.011057138442993164,0.0009996891021728516
879,0.72,0.013361454010009766,0.001344919204711914
879,0.8,0.014121532440185547,0.0
879,0.84,0.00391387939453125,0.0
879,0.86,0.012134790420532227,0.0
879,0.72,0.016050338745117188,0.0
879,0.74,0.014811277389526367,0.0
879,0.84,0.015886545181274414,0.0011053085327148438
879,0.78,0.013542890548706055,0.0
879,0.84,0.013196468353271484,0.0005829334259033203
