idBase,_acc,tempo_treino,tempo_teste
889,0.7,0.00401616096496582,0.0
889,0.8,0.0050427913665771484,0.0
889,0.7,0.0035810470581054688,0.0
889,0.6,0.0020470619201660156,0.0009534358978271484
889,0.7,0.0,0.0
889,0.2,0.0,0.006632089614868164
889,0.5,0.0020999908447265625,0.0
889,0.4,0.0019991397857666016,0.0
889,0.8,0.0,0.0
889,0.8,0.0010631084442138672,0.0
