idBase,_acc,tempo_treino,tempo_teste
889,0.7,0.0,0.0
889,0.8,0.0,0.0
889,0.7,0.002936840057373047,0.0
889,0.6,0.0010385513305664062,0.0
889,0.7,0.0020034313201904297,0.0
889,0.2,0.0024607181549072266,0.0010037422180175781
889,0.5,0.0019941329956054688,0.0
889,0.4,0.0009987354278564453,0.0
889,0.8,0.002995729446411133,0.0
889,0.8,0.0019981861114501953,0.0
