idBase,_acc,tempo_treino,tempo_teste
903,0.83,0.02925276756286621,0.0009529590606689453
903,0.91,0.020254850387573242,0.0
903,0.78,0.03647327423095703,0.0
903,0.88,0.027431249618530273,0.0010004043579101562
903,0.84,0.018338918685913086,0.0
903,0.88,0.02443218231201172,0.0
903,0.84,0.029875993728637695,0.0
903,0.83,0.01747441291809082,0.0010144710540771484
903,0.85,0.024209976196289062,0.0
903,0.87,0.028227567672729492,0.0
