idBase,_acc,tempo_treino,tempo_teste
908,0.475,0.002999544143676758,0.0
908,0.575,0.0030012130737304688,0.0
908,0.425,0.0030393600463867188,0.0
908,0.425,0.004035472869873047,0.0
908,0.35,0.0029990673065185547,0.0
908,0.625,0.002722024917602539,0.0
908,0.425,0.003036022186279297,0.0009653568267822266
908,0.3,0.0030362606048583984,0.0
908,0.3,0.005005598068237305,0.0
908,0.4,0.005426168441772461,0.0
