idBase,_acc,tempo_treino,tempo_teste
912,0.88,0.006598711013793945,0.0
912,0.9,0.0014071464538574219,0.0
912,0.92,0.004052877426147461,0.0
912,0.9,0.0050466060638427734,0.0
912,0.94,0.0047528743743896484,0.0007607936859130859
912,0.87,0.004834175109863281,0.001004934310913086
912,0.89,0.004235506057739258,0.0
912,0.88,0.003999233245849609,0.0
912,0.94,0.005154609680175781,0.0009980201721191406
912,0.86,0.005042552947998047,0.00026535987854003906
