idBase,_acc,tempo_treino,tempo_teste
912,0.88,0.0,0.0
912,0.9,0.00034046173095703125,0.0
912,0.92,0.0060732364654541016,0.001001119613647461
912,0.9,0.007029056549072266,0.0
912,0.94,0.007439374923706055,0.0009865760803222656
912,0.87,0.006734132766723633,0.0
912,0.89,0.010488748550415039,0.0
912,0.88,0.008904695510864258,0.0
912,0.94,0.006768465042114258,0.0005085468292236328
912,0.86,0.006620645523071289,0.0009644031524658203
