idBase,_acc,tempo_treino,tempo_teste
913,0.91,0.01595020294189453,0.0
913,0.85,0.0,0.0
913,0.87,0.008466005325317383,0.001051187515258789
913,0.94,0.0012536048889160156,0.0
913,0.86,0.007335662841796875,0.0009717941284179688
913,0.91,0.002227783203125,0.00531005859375
913,0.88,0.005876302719116211,0.0
913,0.88,0.009786605834960938,0.0
913,0.86,0.0055272579193115234,0.0
913,0.9,0.006668806076049805,0.0
