idBase,_acc,tempo_treino,tempo_teste
913,0.91,0.013015508651733398,0.0
913,0.85,0.01346135139465332,0.0005221366882324219
913,0.87,0.014450788497924805,0.000789642333984375
913,0.94,0.016293048858642578,0.0
913,0.86,0.012204647064208984,0.0
913,0.91,0.011188268661499023,0.0
913,0.88,0.012641668319702148,0.0
913,0.88,0.013674259185791016,0.0
913,0.86,0.014913558959960938,0.0
913,0.9,0.011953115463256836,0.0010001659393310547
