idBase,_acc,tempo_treino,tempo_teste
917,0.85,0.022688627243041992,0.0
917,0.86,0.022594690322875977,0.0010004043579101562
917,0.89,0.011693716049194336,0.0
917,0.82,0.030561208724975586,0.0009393692016601562
917,0.83,0.02079463005065918,0.0
917,0.82,0.017333269119262695,0.0
917,0.89,0.029277801513671875,0.0
917,0.75,0.022080183029174805,0.0
917,0.84,0.018709182739257812,0.0
917,0.8,0.028044700622558594,0.0
