idBase,_acc,tempo_treino,tempo_teste
917,0.85,0.01978445053100586,0.0
917,0.86,0.01240682601928711,0.0
917,0.89,0.011436223983764648,0.0
917,0.82,0.01617145538330078,0.0035829544067382812
917,0.83,0.012918949127197266,0.0
917,0.82,0.016564607620239258,0.0
917,0.89,0.012211084365844727,0.0
917,0.75,0.011179924011230469,0.0
917,0.84,0.025364160537719727,0.0
917,0.8,0.020930051803588867,0.0009350776672363281
