idBase,_acc,tempo_treino,tempo_teste
918,0.72,0.014750003814697266,0.0
918,0.88,0.0,0.0
918,0.84,0.011036872863769531,0.0
918,0.72,0.04347968101501465,0.0
918,0.8,0.014638900756835938,0.0010068416595458984
918,0.72,0.012322425842285156,0.001003265380859375
918,0.72,0.014254570007324219,0.0010135173797607422
918,0.64,0.012737512588500977,0.0
918,0.72,0.013007402420043945,0.0006608963012695312
918,0.76,0.009981870651245117,0.0
