idBase,_acc,tempo_treino,tempo_teste
923,1.0,0.01564311981201172,0.0
923,1.0,0.01716160774230957,0.0
923,1.0,0.014939308166503906,0.0009791851043701172
923,1.0,0.014427900314331055,0.0
923,1.0,0.012594938278198242,0.0010006427764892578
923,1.0,0.017634868621826172,0.0
923,1.0,0.015471220016479492,0.0
923,0.9988425925925926,0.015726327896118164,0.0
923,1.0,0.015763282775878906,0.0
923,1.0,0.020621776580810547,0.0009560585021972656
