idBase,_acc,tempo_treino,tempo_teste
932,0.8,0.014919757843017578,0.0009908676147460938
932,0.9,0.005002498626708984,0.0010023117065429688
932,0.7,0.011008977890014648,0.0028645992279052734
932,0.8,0.0070269107818603516,0.0010013580322265625
932,0.5,0.0,0.0
932,1.0,0.0049974918365478516,0.0009999275207519531
932,0.8,0.004454135894775391,0.0
932,0.6,0.008314371109008789,0.0
932,0.6,0.004561424255371094,0.0
932,0.9,0.008724212646484375,0.0
