idBase,_acc,tempo_treino,tempo_teste
932,0.8,0.0,0.0
932,0.9,0.0,0.0
932,0.7,0.003915309906005859,0.0
932,0.8,0.0011055469512939453,0.0
932,0.5,0.0020017623901367188,0.0009965896606445312
932,1.0,0.0038216114044189453,0.0010018348693847656
932,0.8,0.0,0.0
932,0.6,0.0019989013671875,0.0
932,0.6,0.003046751022338867,0.0
932,0.9,0.0019965171813964844,0.0
