idBase,_acc,tempo_treino,tempo_teste
933,0.64,0.01582479476928711,0.0010044574737548828
933,0.84,0.006995677947998047,0.001001119613647461
933,0.88,0.009228944778442383,0.0010006427764892578
933,0.64,0.006325960159301758,0.001069784164428711
933,0.92,0.010163068771362305,0.0
933,0.8,0.009016036987304688,0.0
933,0.8,0.004817008972167969,0.005126476287841797
933,0.76,0.006610393524169922,0.0
933,0.84,0.008006572723388672,0.0
933,0.8,0.00500941276550293,0.0
