idBase,_acc,tempo_treino,tempo_teste
933,0.64,0.014043569564819336,0.0
933,0.84,0.0,0.0
933,0.88,0.003998517990112305,0.0010304450988769531
933,0.64,0.0038840770721435547,0.0
933,0.92,0.0011012554168701172,0.0
933,0.8,0.003999948501586914,0.0010030269622802734
933,0.8,0.004002809524536133,0.0010552406311035156
933,0.76,0.004000186920166016,0.0
933,0.84,0.004382133483886719,0.0
933,0.8,0.0,0.0
