idBase,_acc,tempo_treino,tempo_teste
937,0.7,0.01649332046508789,0.0
937,0.88,0.02321147918701172,0.0
937,0.8,0.0184173583984375,0.0009598731994628906
937,0.86,0.016776084899902344,0.0
937,0.76,0.0038585662841796875,0.0
937,0.9,0.002315521240234375,0.0
937,0.76,0.018338441848754883,0.0
937,0.7,0.013684988021850586,0.0
937,0.86,0.01367497444152832,0.0
937,0.86,0.019443273544311523,0.0
