idBase,_acc,tempo_treino,tempo_teste
959,1.0,0.015619277954101562,0.0
959,1.0,0.0,0.0
959,1.0,0.010230064392089844,0.0
959,1.0,0.013573646545410156,0.0
959,1.0,0.00674891471862793,0.0
959,1.0,0.007627964019775391,0.0
959,1.0,0.01654529571533203,0.0013394355773925781
959,1.0,0.0016024112701416016,0.0
959,1.0,0.0,0.0
959,1.0,0.0011830329895019531,0.0
