idBase,_acc,tempo_treino,tempo_teste
977,0.9905,0.06098747253417969,0.0
977,0.9925,0.08304643630981445,0.0
977,0.9935,0.06527876853942871,0.0
977,0.9905,0.0679929256439209,0.0010402202606201172
977,0.9935,0.06781363487243652,0.0009596347808837891
977,0.9935,0.07039356231689453,0.0
977,0.9895,0.06634736061096191,0.0
977,0.994,0.06642985343933105,0.0
977,0.996,0.06589484214782715,0.0010035037994384766
977,0.994,0.0812520980834961,0.0010042190551757812
