idBase,_acc,tempo_treino,tempo_teste
1004,1.0,0.3674609661102295,0.008147954940795898
1004,1.0,0.332444429397583,0.008083581924438477
1004,1.0,0.3637275695800781,0.012610673904418945
1004,1.0,0.3521702289581299,0.023027896881103516
1004,1.0,0.36578845977783203,0.008131980895996094
1004,1.0,0.33332014083862305,0.015354156494140625
1004,1.0,0.29447340965270996,0.015676259994506836
1004,1.0,0.2591722011566162,0.008092880249023438
1004,1.0,0.2887837886810303,0.0
1004,1.0,0.2541844844818115,0.0
