idBase,_acc,tempo_treino,tempo_teste
715,0.92,0.8843016624450684,0.019718170166015625
715,0.94,0.7437067031860352,0.022066116333007812
715,0.93,0.5741422176361084,0.006562709808349609
715,0.84,0.46374058723449707,0.0
715,0.86,0.4627361297607422,0.01179051399230957
715,0.89,0.4546942710876465,0.010758399963378906
715,0.88,0.5847427845001221,0.0
715,0.88,0.5174210071563721,0.017726898193359375
715,0.88,0.4545261859893799,0.00809931755065918
715,0.9,0.45804786682128906,0.020223617553710938
