idBase,_acc,tempo_treino,tempo_teste
726,0.8,0.11466169357299805,0.0
726,0.6,0.18457889556884766,0.015608072280883789
726,0.8,0.1840205192565918,0.022164344787597656
726,0.9,0.1938481330871582,0.02049732208251953
726,0.9,0.1428515911102295,0.0
726,0.7,0.20013022422790527,0.01564168930053711
726,0.7,0.14852285385131836,0.015601396560668945
726,1.0,0.13396620750427246,0.0
726,0.8,0.11371064186096191,0.0
726,0.8,0.13401579856872559,0.01568007469177246
