idBase,_acc,tempo_treino,tempo_teste
740,0.93,0.32486462593078613,0.0
740,0.92,0.30461978912353516,0.008121252059936523
740,0.96,0.3257012367248535,0.01562643051147461
740,0.87,0.40688228607177734,0.0
740,0.87,0.38826870918273926,0.010166406631469727
740,0.9,0.3513338565826416,0.008053064346313477
740,0.92,0.3259162902832031,0.016628026962280273
740,0.88,0.33111023902893066,0.0
740,0.89,0.29840803146362305,0.015586137771606445
740,0.93,0.2844722270965576,0.015617609024047852
