idBase,_acc,tempo_treino,tempo_teste
743,0.9,0.39887070655822754,0.024854421615600586
743,0.94,0.5078010559082031,0.0
743,0.87,0.5525360107421875,0.031189918518066406
743,0.94,0.6057839393615723,0.027040481567382812
743,0.96,0.4386262893676758,0.023276090621948242
743,0.95,0.49285459518432617,0.027278423309326172
743,0.95,0.4736189842224121,0.0
743,0.89,0.322951078414917,0.022182464599609375
743,0.91,0.40915465354919434,0.015666723251342773
743,0.92,0.3007197380065918,0.022335529327392578
