idBase,_acc,tempo_treino,tempo_teste
754,1.0,0.11239862442016602,0.0
754,0.8,0.1176762580871582,0.016736268997192383
754,0.8,0.11538290977478027,0.0
754,0.7,0.117431640625,0.015616655349731445
754,0.8,0.11586618423461914,0.0
754,1.0,0.11732864379882812,0.0
754,0.8,0.11679291725158691,0.0
754,0.9,0.1494581699371338,0.020643949508666992
754,0.8,0.1468033790588379,0.015640735626220703
754,0.6,0.15134882926940918,0.0
