idBase,_acc,tempo_treino,tempo_teste
762,1.0,0.1140894889831543,0.015622138977050781
762,0.8,0.1131441593170166,0.016524076461791992
762,0.7,0.10587763786315918,0.0
762,0.8,0.1587972640991211,0.026241779327392578
762,0.7,0.17818975448608398,0.019315719604492188
762,0.5,0.16474270820617676,0.022495269775390625
762,0.9,0.13120675086975098,0.0
762,0.7,0.12447953224182129,0.021137237548828125
762,0.8,0.1996912956237793,0.014669656753540039
762,1.0,0.17539405822753906,0.0172274112701416
