idBase,_acc,tempo_treino,tempo_teste
769,0.88,0.21145009994506836,0.015611648559570312
769,0.88,0.2004694938659668,0.0
769,0.84,0.18430709838867188,0.01560664176940918
769,0.8,0.2942197322845459,0.006510019302368164
769,0.88,0.20053482055664062,0.0
769,0.76,0.1750493049621582,0.009326696395874023
769,0.96,0.23858046531677246,0.0
769,0.84,0.2202467918395996,0.016951560974121094
769,0.8,0.1936628818511963,0.006566286087036133
769,0.88,0.20049285888671875,0.0
