idBase,_acc,tempo_treino,tempo_teste
783,0.7,0.21468591690063477,0.022313833236694336
783,0.8,0.17565464973449707,0.01617121696472168
783,0.6,0.13885951042175293,0.011370658874511719
783,0.9,0.1503279209136963,0.0
783,0.8,0.13896417617797852,0.010581493377685547
783,0.8,0.10306715965270996,0.015574932098388672
783,0.6,0.10930562019348145,0.015619039535522461
783,0.9,0.11686015129089355,0.0
783,0.8,0.11750650405883789,0.0
783,0.8,0.1266155242919922,0.01773834228515625
