idBase,_acc,tempo_treino,tempo_teste
789,0.8,0.15716767311096191,0.0
789,1.0,0.16271209716796875,0.0
789,0.9,0.13799500465393066,0.015684127807617188
789,0.7,0.1320807933807373,0.015623807907104492
789,0.7,0.21567964553833008,0.03875279426574707
789,0.9,0.2578721046447754,0.016620159149169922
789,0.7,0.1980297565460205,0.006566762924194336
789,0.7,0.16254281997680664,0.020701885223388672
789,1.0,0.19398212432861328,0.01808619499206543
789,0.8,0.1497807502746582,0.0
