idBase,_acc,tempo_treino,tempo_teste
793,0.88,0.15367436408996582,0.013870716094970703
793,0.96,0.14070820808410645,0.009721755981445312
793,0.88,0.16033649444580078,0.010167121887207031
793,0.88,0.15473246574401855,0.010280132293701172
793,1.0,0.13557839393615723,0.0
793,0.96,0.15574908256530762,0.0
793,0.88,0.13438177108764648,0.0
793,0.88,0.16597914695739746,0.01872086524963379
793,0.8,0.13080716133117676,0.018581390380859375
793,0.84,0.13161849975585938,0.018688678741455078
