idBase,_acc,tempo_treino,tempo_teste
794,0.92,0.16273760795593262,0.0
794,0.84,0.1533210277557373,0.015613317489624023
794,0.72,0.2007286548614502,0.006900787353515625
794,0.92,0.1752760410308838,0.01699542999267578
794,0.84,0.18139004707336426,0.0
794,0.88,0.20444440841674805,0.007428169250488281
794,0.76,0.1566321849822998,0.0
794,0.76,0.1615593433380127,0.0
794,0.76,0.18683242797851562,0.009755849838256836
794,0.84,0.1565108299255371,0.0
