idBase,_acc,tempo_treino,tempo_teste
829,0.7,0.10941529273986816,0.0
829,1.0,0.11773014068603516,0.011123895645141602
829,0.9,0.1074056625366211,0.0
829,0.9,0.11512494087219238,0.0
829,0.6,0.10255312919616699,0.018201351165771484
829,0.9,0.11223840713500977,0.0
829,0.7,0.12848830223083496,0.015674352645874023
829,0.8,0.10611295700073242,0.0
829,0.9,0.16320419311523438,0.016788959503173828
829,1.0,0.15241527557373047,0.0
