idBase,_acc,tempo_treino,tempo_teste
868,0.7,0.20845532417297363,0.016361474990844727
868,0.9,0.14978647232055664,0.018533706665039062
868,0.9,0.11540746688842773,0.0026786327362060547
868,0.8,0.13344836235046387,0.014644145965576172
868,0.7,0.1269207000732422,0.0028793811798095703
868,0.7,0.12435603141784668,0.0
868,0.8,0.1224067211151123,0.015650510787963867
868,0.8,0.1167759895324707,0.0
868,0.7,0.11419844627380371,0.0
868,0.9,0.13613295555114746,0.0
