idBase,_acc,tempo_treino,tempo_teste
878,0.8,0.09839963912963867,0.015619039535522461
878,0.7,0.1164405345916748,0.0
878,0.8,0.10348725318908691,0.015702486038208008
878,0.8,0.13161897659301758,0.0
878,1.0,0.12780427932739258,0.0050656795501708984
878,1.0,0.11158132553100586,0.013123512268066406
878,0.9,0.10757637023925781,0.010129690170288086
878,0.6,0.13704633712768555,0.015662431716918945
878,0.6,0.11548542976379395,0.0020585060119628906
878,0.7,0.11682748794555664,0.010166645050048828
