idBase,_acc,tempo_treino,tempo_teste
886,0.78,0.3293173313140869,0.025009632110595703
886,0.6,0.25223827362060547,0.0
886,0.66,0.20118427276611328,0.023853063583374023
886,0.62,0.2302379608154297,0.0
886,0.56,0.20799946784973145,0.0
886,0.5,0.19769024848937988,0.005007505416870117
886,0.7,0.18308424949645996,0.0
886,0.72,0.17863893508911133,0.010225772857666016
886,0.62,0.17255902290344238,0.0
886,0.62,0.16874480247497559,0.02079486846923828
