idBase,_acc,tempo_treino,tempo_teste
903,0.86,0.4308488368988037,0.0
903,0.93,0.48661088943481445,0.0020351409912109375
903,0.87,0.47818875312805176,0.0
903,0.93,0.4882011413574219,0.008084297180175781
903,0.93,0.47754359245300293,0.010701656341552734
903,0.89,0.4726278781890869,0.010237693786621094
903,0.92,0.5442914962768555,0.008086204528808594
903,0.83,0.6030528545379639,0.018189430236816406
903,0.86,0.59922194480896,0.01604938507080078
903,0.89,0.6058986186981201,0.008095979690551758
