idBase,_acc,tempo_treino,tempo_teste
910,0.91,0.39918994903564453,0.0156252384185791
910,0.95,0.39566779136657715,0.01826167106628418
910,0.92,0.35500454902648926,0.022973060607910156
910,0.91,0.3776981830596924,0.01564335823059082
910,0.86,0.3422708511352539,0.0
910,0.88,0.35178065299987793,0.0
910,0.91,0.30095720291137695,0.015655040740966797
910,0.93,0.300800085067749,0.016941547393798828
910,0.93,0.2978706359863281,0.015619993209838867
910,0.92,0.31374454498291016,0.00654292106628418
