idBase,_acc,tempo_treino,tempo_teste
912,0.92,0.3038463592529297,0.0
912,0.92,0.25229954719543457,0.0
912,0.96,0.25865888595581055,0.010234355926513672
912,0.92,0.20688891410827637,0.01570439338684082
912,0.97,0.2313835620880127,0.016744613647460938
912,0.89,0.22692561149597168,0.008562803268432617
912,0.95,0.24595189094543457,0.009182214736938477
912,0.91,0.23134207725524902,0.009874582290649414
912,0.96,0.2120051383972168,0.017729759216308594
912,0.93,0.23245716094970703,0.020183801651000977
