idBase,_acc,tempo_treino,tempo_teste
913,0.91,0.31217432022094727,0.0
913,0.9,0.300325870513916,0.015681028366088867
913,0.92,0.33521461486816406,0.02373027801513672
913,0.95,0.32546210289001465,0.015674591064453125
913,0.9,0.30411863327026367,0.0
913,0.92,0.31517696380615234,0.01017451286315918
913,0.88,0.30548834800720215,0.008072376251220703
913,0.88,0.3107163906097412,0.0
913,0.88,0.3473646640777588,0.0
913,0.93,0.31652188301086426,0.018269062042236328
