idBase,_acc,tempo_treino,tempo_teste
916,0.6,0.0992743968963623,0.0
916,0.5,0.11525821685791016,0.0
916,0.9,0.13207268714904785,0.015674591064453125
916,0.8,0.22929072380065918,0.006534099578857422
916,0.8,0.13157010078430176,0.0
916,0.7,0.11573672294616699,0.015627622604370117
916,0.7,0.11630797386169434,0.0
916,1.0,0.12141203880310059,0.0
916,1.0,0.12820911407470703,0.015628814697265625
916,0.9,0.11761760711669922,0.0
