idBase,_acc,tempo_treino,tempo_teste
920,0.96,0.29422760009765625,0.01566338539123535
920,0.82,0.2950427532196045,0.015625
920,0.8,0.29819273948669434,0.0
920,0.88,0.28551411628723145,0.015619039535522461
920,0.9,0.322812557220459,0.0
920,0.84,0.31647419929504395,0.015624523162841797
920,0.9,0.3018624782562256,0.008086442947387695
920,0.78,0.28853511810302734,0.015574932098388672
920,0.94,0.3070333003997803,0.0
920,0.9,0.3327803611755371,0.0020542144775390625
