idBase,_acc,tempo_treino,tempo_teste
922,0.5,0.14291596412658691,0.005341053009033203
922,0.9,0.14972352981567383,0.0
922,0.6,0.12998580932617188,0.0042040348052978516
922,1.0,0.13316822052001953,0.017002344131469727
922,0.7,0.1491851806640625,0.0
922,0.8,0.15613412857055664,0.011014699935913086
922,1.0,0.16071653366088867,0.015639543533325195
922,1.0,0.15305733680725098,0.00793313980102539
922,1.0,0.1390836238861084,0.018836259841918945
922,0.9,0.1493980884552002,0.0
