idBase,_acc,tempo_treino,tempo_teste
936,0.92,0.28577566146850586,0.03125929832458496
936,0.88,0.48818349838256836,0.022140979766845703
936,0.96,0.30666589736938477,0.015619039535522461
936,0.88,0.28386545181274414,0.0
936,0.92,0.27425217628479004,0.010159015655517578
936,0.88,0.27861762046813965,0.015222311019897461
936,0.9,0.21736669540405273,0.014339685440063477
936,0.92,0.2816648483276367,0.0
936,0.92,0.33091139793395996,0.010375738143920898
936,0.9,0.3265645503997803,0.021223783493041992
