idBase,_acc,tempo_treino,tempo_teste
951,1.0,0.10311555862426758,0.015583276748657227
951,1.0,0.11302781105041504,0.0
951,1.0,0.1030585765838623,0.008512496948242188
951,1.0,0.11574697494506836,0.0
951,1.0,0.12356305122375488,0.0
951,1.0,0.11758804321289062,0.0
951,1.0,0.11651396751403809,0.0
951,1.0,0.12697982788085938,0.0
951,1.0,0.13114452362060547,0.0
951,1.0,0.1247110366821289,0.0
