idBase,_acc,tempo_treino,tempo_teste
965,1.0,0.18240666389465332,0.021247148513793945
965,1.0,0.11108827590942383,0.016651153564453125
965,1.0,0.1330881118774414,0.0030145645141601562
965,1.0,0.10507750511169434,0.0
965,1.0,0.11816978454589844,0.019129276275634766
965,1.0,0.1006472110748291,0.002087116241455078
965,1.0,0.09482407569885254,0.002016305923461914
965,1.0,0.12608885765075684,0.015702247619628906
965,0.9,0.11675715446472168,0.01562643051147461
965,1.0,0.13381624221801758,0.0
