idBase,_acc,tempo_treino,tempo_teste
987,1.0,0.16717934608459473,0.0
987,1.0,0.16174793243408203,0.0
987,1.0,0.16370654106140137,0.0020749568939208984
987,1.0,0.16292858123779297,0.010385513305664062
987,1.0,0.1899721622467041,0.04959893226623535
987,1.0,0.24030518531799316,0.006513357162475586
987,1.0,0.20046496391296387,0.015636444091796875
987,1.0,0.20054006576538086,0.0
987,1.0,0.18459105491638184,0.015635251998901367
987,0.98,0.30053186416625977,0.02403569221496582
