idBase,_acc,tempo_treino,tempo_teste
1551,0.2,0.01583123207092285,0.0
1551,0.325,0.031267642974853516,0.0036821365356445312
1551,0.25,0.02129364013671875,0.0
1551,0.4,0.020822525024414062,0.0030832290649414062
1551,0.375,0.01706099510192871,0.009073734283447266
1551,0.225,0.016230106353759766,0.0
1551,0.275,0.022933244705200195,0.0
1551,0.35,0.027150869369506836,0.003003358840942383
1551,0.35,0.01742410659790039,0.0
1551,0.25,0.01671910285949707,0.009400367736816406
