idBase,_acc,tempo_treino,tempo_teste
885,1.0,0.0010979175567626953,0.0
885,1.0,0.0,0.0
885,1.0,0.011881828308105469,0.0017287731170654297
885,1.0,0.0,0.0037734508514404297
885,1.0,0.0019991397857666016,0.0010004043579101562
885,1.0,0.0033392906188964844,0.0017199516296386719
885,0.9230769230769231,0.0032401084899902344,0.0
885,1.0,0.0,0.009703636169433594
885,1.0,0.0034711360931396484,0.0001926422119140625
885,1.0,0.001951456069946289,0.0
