idBase,_acc,tempo_treino,tempo_teste
909,0.5,0.014976024627685547,0.0
909,0.55,0.0,0.017607450485229492
909,0.475,0.0,0.0
909,0.6,0.018553972244262695,0.0011141300201416016
909,0.525,0.0,0.012988805770874023
909,0.575,0.0026679039001464844,0.0
909,0.425,0.015773534774780273,0.0
909,0.5,0.009623289108276367,0.0021126270294189453
909,0.55,0.0,0.011703729629516602
909,0.525,0.003450632095336914,0.01003122329711914
