idBase,_acc,tempo_treino,tempo_teste
1473,0.7,0.0,0.0
1473,0.9,0.0,0.014358282089233398
1473,0.9,0.006000995635986328,0.0047512054443359375
1473,0.5,0.0,0.0
1473,0.7,0.0004394054412841797,0.005141019821166992
1473,0.8,0.0,0.0
1473,1.0,0.002524852752685547,0.004891395568847656
1473,0.9,0.0,0.0
1473,0.6,0.0013942718505859375,0.005299091339111328
1473,0.7,0.0,0.0
