idBase,_acc,tempo_treino,tempo_teste
885,1.0,0.0036787986755371094,0.0
885,1.0,0.0,0.0
885,1.0,0.010075807571411133,0.0023975372314453125
885,1.0,0.0007984638214111328,0.004412651062011719
885,1.0,0.0,0.0047817230224609375
885,1.0,0.0,0.003438234329223633
885,0.9230769230769231,0.0032126903533935547,0.0011355876922607422
885,1.0,0.0,0.004683256149291992
885,1.0,0.0,0.0
885,0.9230769230769231,0.00616002082824707,0.0
