idBase,_acc,tempo_treino,tempo_teste
1026,0.75,0.0,0.0
1026,0.5625,0.0,0.0
1026,0.4375,0.002888202667236328,0.0010123252868652344
1026,0.5,0.0031566619873046875,0.0009999275207519531
1026,0.8125,0.0011026859283447266,0.0
1026,0.7333333333333333,0.005492448806762695,0.0
1026,0.6666666666666666,0.0,0.0
1026,0.5333333333333333,0.003001689910888672,0.0013885498046875
1026,0.8666666666666667,0.004429340362548828,0.0018451213836669922
1026,0.8666666666666667,0.0019989013671875,0.0010001659393310547
