idBase,_acc,tempo_treino,tempo_teste
1045,0.8666666666666667,0.0007023811340332031,0.0
1045,1.0,0.0,0.0
1045,0.9333333333333333,0.0,0.0
1045,0.9333333333333333,0.0019989013671875,0.00099945068359375
1045,0.8666666666666667,0.0020079612731933594,0.0010035037994384766
1045,1.0,0.002020120620727539,0.00069427490234375
1045,1.0,0.0,0.0
1045,0.9285714285714286,0.0019969940185546875,0.00099945068359375
1045,0.9285714285714286,0.002826213836669922,0.001001119613647461
1045,1.0,0.0,0.0
