idBase,_acc,tempo_treino,tempo_teste
1059,0.9230769230769231,0.0,0.0
1059,0.9166666666666666,0.0,0.0
1059,1.0,0.0,0.0
1059,1.0,0.0024504661560058594,0.0
1059,1.0,0.0010595321655273438,0.0
1059,0.8333333333333334,0.0,0.0
1059,0.8333333333333334,0.0019996166229248047,0.0
1059,0.9166666666666666,0.0014934539794921875,0.0
1059,0.9166666666666666,0.0008053779602050781,0.0
1059,0.9166666666666666,0.0020236968994140625,0.0
