idBase,_acc,tempo_treino,tempo_teste
1488,0.8,0.0011386871337890625,0.0
1488,0.85,0.0,0.0
1488,0.7,0.010833501815795898,0.0009634494781494141
1488,0.8,0.0025119781494140625,0.0003688335418701172
1488,0.85,0.0,0.0
1488,0.9473684210526315,0.008263349533081055,0.0009958744049072266
1488,0.7894736842105263,0.0010921955108642578,0.0
1488,0.7894736842105263,0.004144906997680664,0.0
1488,0.7368421052631579,0.002394437789916992,0.0002048015594482422
1488,0.8421052631578947,0.002053976058959961,0.0
