idBase,_acc,tempo_treino,tempo_teste
164,0.8181818181818182,0.0,0.0
164,0.5454545454545454,0.0,0.0
164,0.9090909090909091,0.011615514755249023,0.0009760856628417969
164,1.0,0.0028769969940185547,0.0
164,0.8181818181818182,0.002000570297241211,0.00099945068359375
164,0.8181818181818182,0.0014805793762207031,0.0
164,1.0,0.0,0.0
164,0.9,0.002179861068725586,0.000659942626953125
164,0.7,0.0,0.005601406097412109
164,0.7,0.002000570297241211,0.0009992122650146484
