idBase,_acc,tempo_treino,tempo_teste
716,0.6,0.0,0.0
716,0.6,0.0,0.0
716,0.5,0.00997614860534668,0.0
716,0.7,0.001998424530029297,0.0
716,0.8,0.0024700164794921875,0.0010156631469726562
716,0.5,0.002063274383544922,0.0
716,0.5,0.0036809444427490234,0.001013040542602539
716,0.6,0.0009844303131103516,0.0009982585906982422
716,0.7,0.0030558109283447266,0.0009491443634033203
716,0.5,0.0020346641540527344,0.0010006427764892578
