idBase,_acc,tempo_treino,tempo_teste
716,0.6,0.0013244152069091797,0.0
716,0.6,0.0,0.0
716,0.5,0.0,0.0
716,0.7,0.002020120620727539,0.001001119613647461
716,0.8,0.0029778480529785156,0.0010142326354980469
716,0.5,0.0019998550415039062,0.0010006427764892578
716,0.5,0.0010635852813720703,0.0
716,0.6,0.0,0.0
716,0.7,0.002000093460083008,0.0009562969207763672
716,0.5,0.0024187564849853516,0.0009794235229492188
