idBase,_acc,tempo_treino,tempo_teste
730,0.8,0.0,0.0
730,0.88,0.0,0.012615203857421875
730,0.88,0.0025861263275146484,0.0
730,0.92,0.0012946128845214844,0.0
730,0.88,0.0020046234130859375,0.0009970664978027344
730,0.88,0.0023949146270751953,0.0
730,0.84,0.0,0.0
730,0.8,0.0,0.001984119415283203
730,0.88,0.0,0.0
730,0.96,0.0020020008087158203,0.000997781753540039
