idBase,_acc,tempo_treino,tempo_teste
730,0.8,0.0,0.0
730,0.88,0.0,0.012952089309692383
730,0.88,0.005572080612182617,0.0010008811950683594
730,0.92,0.0030753612518310547,0.003980875015258789
730,0.88,0.0043756961822509766,0.0
730,0.88,0.00601506233215332,0.003874540328979492
730,0.84,0.004998922348022461,0.000675201416015625
730,0.8,0.0030803680419921875,0.0011467933654785156
730,0.88,0.0034804344177246094,0.0
730,0.96,0.005384922027587891,0.0009999275207519531
