idBase,_acc,tempo_treino,tempo_teste
732,0.76,0.0020148754119873047,0.0
732,0.88,0.019617557525634766,0.0
732,0.72,0.0074880123138427734,0.0013916492462158203
732,0.72,0.0,0.011228561401367188
732,0.68,0.008001089096069336,0.0019981861114501953
732,0.72,0.008697509765625,0.003943443298339844
732,0.88,0.010002613067626953,0.002630472183227539
732,0.72,0.004596233367919922,0.004862308502197266
732,0.72,0.008914709091186523,0.0010788440704345703
732,0.72,0.012748479843139648,0.0025179386138916016
