idBase,_acc,tempo_treino,tempo_teste
744,0.8,0.0,0.0
744,0.8,0.0,0.010145902633666992
744,0.92,0.0035576820373535156,0.0017936229705810547
744,0.84,0.0029973983764648438,0.0012867450714111328
744,0.8,0.004824638366699219,0.0014548301696777344
744,0.84,0.003866434097290039,0.0009996891021728516
744,0.84,0.0,0.0
744,0.8,0.0019991397857666016,0.0
744,0.88,0.0040171146392822266,0.0010046958923339844
744,0.72,0.003000974655151367,0.0007808208465576172
