idBase,_acc,tempo_treino,tempo_teste
754,0.9,0.0,0.0
754,0.9,0.0017781257629394531,0.0
754,0.8,0.0020160675048828125,0.0009970664978027344
754,0.9,0.002045869827270508,0.0009028911590576172
754,0.9,0.0030024051666259766,0.0010042190551757812
754,0.9,0.002009153366088867,0.000990152359008789
754,0.9,0.0019981861114501953,0.0006613731384277344
754,0.9,0.0020020008087158203,0.0
754,0.9,0.001340627670288086,0.0
754,0.8,0.0029981136322021484,0.0
