idBase,_acc,tempo_treino,tempo_teste
754,0.9,0.0,0.0
754,0.9,0.0,0.0
754,0.8,0.00423431396484375,0.0
754,0.9,0.0,0.0
754,0.9,0.001997709274291992,0.001003265380859375
754,0.9,0.00543522834777832,0.0012257099151611328
754,0.9,0.0,0.0
754,0.9,0.007004737854003906,0.0010004043579101562
754,0.9,0.0030562877655029297,0.0018377304077148438
754,0.8,0.0019996166229248047,0.0020101070404052734
