idBase,_acc,tempo_treino,tempo_teste
763,0.76,0.001997709274291992,0.0009560585021972656
763,0.8,0.0,0.0
763,0.84,0.0035295486450195312,0.0009238719940185547
763,0.92,0.0021677017211914062,0.0
763,0.88,0.0,0.0
763,0.76,0.002041339874267578,0.0010738372802734375
763,0.84,0.0031714439392089844,0.0020055770874023438
763,0.8,0.0,0.0049364566802978516
763,0.84,0.0029909610748291016,0.0011959075927734375
763,0.8,0.004144430160522461,0.0009951591491699219
