idBase,_acc,tempo_treino,tempo_teste
776,0.8,0.009002923965454102,0.002000570297241211
776,0.88,0.0,0.0
776,0.88,0.011324405670166016,0.0009911060333251953
776,0.8,0.005131721496582031,0.000997781753540039
776,0.84,0.001070261001586914,0.004972219467163086
776,0.92,0.0025839805603027344,0.0
776,0.92,0.0,0.012335062026977539
776,0.84,0.005093812942504883,0.001003265380859375
776,0.88,0.002063751220703125,0.0036547183990478516
776,0.96,0.004578828811645508,0.0010008811950683594
