idBase,_acc,tempo_treino,tempo_teste
776,0.8,0.0,0.0
776,0.88,0.0,0.0
776,0.88,0.011034488677978516,0.001035928726196289
776,0.8,0.0011172294616699219,0.0
776,0.84,0.0030019283294677734,0.00099945068359375
776,0.92,0.0027463436126708984,0.0009229183197021484
776,0.92,0.001039266586303711,0.0
776,0.84,0.0020046234130859375,0.0
776,0.88,0.0018527507781982422,0.0
776,0.96,0.005579948425292969,0.0010476112365722656
