idBase,_acc,tempo_treino,tempo_teste
808,0.6,0.0030183792114257812,0.0
808,0.9,0.0,0.0
808,0.8,0.007112741470336914,0.0009937286376953125
808,0.8,0.0009975433349609375,0.0010480880737304688
808,0.9,0.002344369888305664,0.0
808,0.8,0.0010020732879638672,0.0
808,0.9,6.532669067382812e-05,0.0
808,0.9,0.0020258426666259766,0.0
808,0.8,0.001003265380859375,0.0010464191436767578
808,0.9,0.0024538040161132812,0.0009350776672363281
