idBase,_acc,tempo_treino,tempo_teste
808,0.6,0.010654449462890625,0.0
808,0.9,0.0,0.0
808,0.8,0.001999378204345703,0.0009992122650146484
808,0.8,0.0014567375183105469,0.0
808,0.9,0.0018706321716308594,0.0
808,0.8,0.0029990673065185547,0.0
808,0.9,0.0,0.0
808,0.9,0.0019948482513427734,0.0005362033843994141
808,0.8,0.0,0.0
808,0.9,0.0,0.0
