idBase,_acc,tempo_treino,tempo_teste
813,0.91,0.036768198013305664,0.012077569961547852
813,0.89,0.032595157623291016,0.0
813,0.9,0.0317533016204834,0.0
813,0.89,0.0214388370513916,0.02058267593383789
813,0.89,0.026938676834106445,0.0
813,0.94,0.02150702476501465,0.0
813,0.92,0.022203445434570312,0.016096830368041992
813,0.83,0.029325485229492188,0.0
813,0.94,0.021474599838256836,0.0168459415435791
813,0.91,0.047815561294555664,0.0178220272064209
