idBase,_acc,tempo_treino,tempo_teste
845,0.95,0.03130674362182617,0.0
845,0.85,0.015618562698364258,0.0155792236328125
845,0.85,0.02215886116027832,0.0
845,0.86,0.015625476837158203,0.01562786102294922
845,0.8,0.015621423721313477,0.015628337860107422
845,0.83,0.022142887115478516,0.0
845,0.86,0.015630722045898438,0.015620708465576172
845,0.91,0.015625953674316406,0.015627145767211914
845,0.87,0.02218794822692871,0.0
845,0.86,0.015677690505981445,0.015629053115844727
