idBase,_acc,tempo_treino,tempo_teste
850,0.9,0.0,0.0
850,0.8,0.0028641223907470703,0.002002239227294922
850,0.6,0.001049041748046875,0.0
850,0.6,0.003997325897216797,0.0
850,0.6,0.0020034313201904297,0.0014591217041015625
850,0.6,0.007234811782836914,0.001809835433959961
850,0.8,0.003047466278076172,0.0009183883666992188
850,0.6,0.0009999275207519531,0.0
850,0.7,0.0043065547943115234,0.000993967056274414
850,0.7,0.0036478042602539062,0.0
