idBase,_acc,tempo_treino,tempo_teste
850,0.9,0.0,0.0
850,0.8,0.0,0.011649847030639648
850,0.6,0.0029997825622558594,0.0014681816101074219
850,0.6,0.0020003318786621094,0.0011661052703857422
850,0.6,0.0,0.0
850,0.6,0.0035436153411865234,0.0
850,0.8,0.0,0.0
850,0.6,0.0035905838012695312,0.0011138916015625
850,0.7,0.0,0.0
850,0.7,0.0019979476928710938,0.0006415843963623047
