idBase,_acc,tempo_treino,tempo_teste
868,0.7,0.009083986282348633,0.0010104179382324219
868,0.9,0.001180410385131836,0.0
868,0.7,0.0010306835174560547,0.0
868,0.7,0.002000570297241211,0.0009295940399169922
868,0.6,0.0010023117065429688,0.000997304916381836
868,0.7,0.0030007362365722656,0.0
868,0.6,0.002226591110229492,0.0011973381042480469
868,0.8,0.002111673355102539,0.0
868,0.5,0.0,0.0
868,0.8,0.0009989738464355469,0.0
