idBase,_acc,tempo_treino,tempo_teste
868,0.7,0.010645151138305664,0.0
868,0.9,0.0,0.0
868,0.7,0.0,0.0
868,0.7,0.0020012855529785156,0.0009953975677490234
868,0.6,0.002014636993408203,0.0
868,0.7,0.0033833980560302734,0.0
868,0.6,0.0009922981262207031,0.0
868,0.8,0.0,0.0
868,0.5,0.005897998809814453,0.0010004043579101562
868,0.8,0.0030024051666259766,0.0009932518005371094
