idBase,_acc,tempo_treino,tempo_teste
870,0.86,0.01627516746520996,0.0
870,0.96,0.01686835289001465,0.004316806793212891
870,0.78,0.0044863224029541016,0.004155158996582031
870,0.9,0.0071408748626708984,0.0
870,0.94,0.010963916778564453,0.001070261001586914
870,0.9,0.012419462203979492,0.003014087677001953
870,0.88,0.006577491760253906,0.0
870,0.86,0.018982410430908203,0.002003192901611328
870,0.84,0.0,0.010709524154663086
870,0.82,0.00486302375793457,0.0
