idBase,_acc,tempo_treino,tempo_teste
875,0.7,0.0,0.0
875,0.7,0.013882637023925781,0.0009996891021728516
875,1.0,0.0020003318786621094,0.0
875,1.0,0.001062154769897461,0.0
875,0.9,0.0019960403442382812,0.0009963512420654297
875,0.9,0.003875255584716797,0.0
875,0.7,0.0020661354064941406,0.0
875,0.9,0.0020062923431396484,0.000993967056274414
875,0.5,0.0024902820587158203,0.00099945068359375
875,0.9,0.003352642059326172,0.0
