idBase,_acc,tempo_treino,tempo_teste
876,0.4,0.0,0.0
876,0.4,0.009437799453735352,0.0021190643310546875
876,0.6,0.0020008087158203125,0.0004596710205078125
876,0.7,0.0,0.0
876,0.4,0.003888368606567383,0.0
876,0.5,0.0,0.0
876,0.6,0.0019991397857666016,0.0016782283782958984
876,0.6,0.0025870800018310547,0.0
876,0.6,0.0019979476928710938,0.0
876,0.3,0.0022325515747070312,0.0
