idBase,_acc,tempo_treino,tempo_teste
876,0.4,0.0036907196044921875,0.0
876,0.4,0.0,0.0
876,0.6,0.0010025501251220703,0.0009963512420654297
876,0.7,0.001065969467163086,0.0
876,0.4,0.0,0.0
876,0.5,0.007256031036376953,0.0006890296936035156
876,0.6,0.001163482666015625,0.0
876,0.6,0.0010428428649902344,0.0
876,0.6,0.0010421276092529297,0.0
876,0.3,0.0011858940124511719,0.0009763240814208984
