idBase,_acc,tempo_treino,tempo_teste
884,0.86,0.0,0.0
884,0.88,0.0,0.01652359962463379
884,0.86,0.0070035457611083984,0.0019989013671875
884,0.9,0.006850719451904297,0.0
884,0.88,0.008464574813842773,0.0034284591674804688
884,0.9,0.0032508373260498047,0.00605010986328125
884,0.88,0.008647441864013672,0.0021026134490966797
884,0.88,0.005087614059448242,0.0
884,0.9,0.007236957550048828,0.0010068416595458984
884,0.88,0.00652623176574707,0.0019991397857666016
