idBase,_acc,tempo_treino,tempo_teste
886,0.54,0.0,0.0
886,0.44,0.020533084869384766,0.0038640499114990234
886,0.6,0.009626388549804688,0.0020895004272460938
886,0.5,0.008640527725219727,0.003438234329223633
886,0.48,0.00507044792175293,0.0
886,0.68,0.008849382400512695,0.0
886,0.42,0.011883735656738281,0.003232717514038086
886,0.54,0.00674748420715332,0.00573277473449707
886,0.44,0.002145051956176758,0.008319377899169922
886,0.62,0.008811712265014648,0.0
