idBase,_acc,tempo_treino,tempo_teste
888,0.76,0.017989158630371094,0.004998683929443359
888,0.78,0.006470680236816406,0.0
888,0.84,0.02146124839782715,0.0
888,0.82,0.01954817771911621,0.0005130767822265625
888,0.86,0.012475252151489258,0.011520862579345703
888,0.82,0.016512632369995117,0.0
888,0.88,0.02232193946838379,0.011781692504882812
888,0.82,0.014884233474731445,0.0
888,0.84,0.019670724868774414,0.006518125534057617
888,0.92,0.01281595230102539,0.013935327529907227
