idBase,_acc,tempo_treino,tempo_teste
900,0.65,0.0,0.0
900,0.55,0.021164417266845703,0.0
900,0.55,0.008080005645751953,0.002246379852294922
900,0.6,0.011464357376098633,0.0036737918853759766
900,0.475,0.0010504722595214844,0.008615493774414062
900,0.7,0.0018639564514160156,0.0
900,0.625,0.018364906311035156,0.002771139144897461
900,0.475,0.014153003692626953,0.0035669803619384766
900,0.55,0.010660171508789062,0.002980947494506836
900,0.55,0.008954763412475586,0.0036859512329101562
