idBase,_acc,tempo_treino,tempo_teste
907,0.55,0.0009036064147949219,0.0
907,0.575,0.021982669830322266,0.0
907,0.425,0.011638879776000977,0.003770112991333008
907,0.575,0.0010874271392822266,0.009869575500488281
907,0.35,0.007081270217895508,0.007127523422241211
907,0.45,0.0019042491912841797,0.014547109603881836
907,0.525,0.007997512817382812,0.0
907,0.45,0.0044934749603271484,0.0
907,0.425,0.0161135196685791,0.002339601516723633
907,0.475,0.009845733642578125,0.0015416145324707031
