idBase,_acc,tempo_treino,tempo_teste
911,0.96,0.0,0.0
911,0.84,0.00953531265258789,0.0007097721099853516
911,0.84,0.001984834671020508,0.0
911,0.96,0.0031418800354003906,0.0010819435119628906
911,0.8,0.0011763572692871094,0.0020494461059570312
911,0.76,0.003871917724609375,0.0010530948638916016
911,0.72,0.0010700225830078125,0.0
911,0.96,0.005933284759521484,0.0
911,0.84,0.003596067428588867,0.0
911,0.84,0.0020422935485839844,0.0
