idBase,_acc,tempo_treino,tempo_teste
911,0.96,0.0,0.013829946517944336
911,0.84,0.0,0.007182598114013672
911,0.84,0.0034394264221191406,0.0
911,0.96,0.007996797561645508,0.0010027885437011719
911,0.8,0.003058910369873047,0.0022737979888916016
911,0.76,0.0029942989349365234,0.002003908157348633
911,0.72,0.004032611846923828,0.0
911,0.96,0.0,0.006657123565673828
911,0.84,0.0029990673065185547,0.0014829635620117188
911,0.84,0.004141092300415039,0.0009992122650146484
