idBase,_acc,tempo_treino,tempo_teste
916,0.5,0.0,0.0
916,0.7,0.0,0.0
916,0.8,0.0,0.0
916,0.9,0.0020003318786621094,0.0006234645843505859
916,0.8,0.0,0.0
916,0.7,0.0,0.0
916,0.7,0.0010037422180175781,0.0
916,0.9,0.001474618911743164,0.0
916,1.0,0.0042498111724853516,0.0
916,1.0,0.0035419464111328125,0.0009944438934326172
