idBase,_acc,tempo_treino,tempo_teste
916,0.5,0.0,0.0
916,0.7,0.0013949871063232422,0.0
916,0.8,0.004567861557006836,0.0009682178497314453
916,0.9,0.0010013580322265625,0.0009996891021728516
916,0.8,0.0,0.0
916,0.7,0.0010001659393310547,0.0
916,0.7,0.0019123554229736328,0.0
916,0.9,0.0,0.0
916,1.0,0.0,0.0
916,1.0,0.0010211467742919922,0.0
