idBase,_acc,tempo_treino,tempo_teste
921,0.8571428571428571,0.0,0.0
921,0.9285714285714286,0.0,0.0
921,0.8461538461538461,0.0,0.0008189678192138672
921,0.9230769230769231,0.004288911819458008,0.0009372234344482422
921,1.0,0.0010929107666015625,0.0
921,0.9230769230769231,0.0010485649108886719,0.0
921,0.8461538461538461,0.002841472625732422,0.0
921,0.9230769230769231,0.0,0.0
921,0.9230769230769231,0.0010037422180175781,0.0
921,0.9230769230769231,0.00041675567626953125,0.0
