idBase,_acc,tempo_treino,tempo_teste
922,0.6,0.0,0.01427316665649414
922,0.9,0.003468751907348633,0.0010266304016113281
922,0.7,0.0020151138305664062,0.0
922,0.8,0.0034224987030029297,0.0
922,0.7,0.0019986629486083984,0.0009942054748535156
922,0.9,0.0020139217376708984,0.0009801387786865234
922,0.5,0.0014829635620117188,0.0
922,0.6,0.0,0.0
922,0.7,0.0020008087158203125,0.0005731582641601562
922,0.6,0.0019834041595458984,0.0
