idBase,_acc,tempo_treino,tempo_teste
922,0.6,0.0,0.0
922,0.9,0.0,0.0
922,0.7,0.009748220443725586,0.0009980201721191406
922,0.8,0.001016855239868164,0.0
922,0.7,0.0018393993377685547,0.0009295940399169922
922,0.9,0.0010783672332763672,0.0
922,0.5,0.0044133663177490234,0.0009670257568359375
922,0.6,0.00096893310546875,0.0
922,0.7,0.0023407936096191406,0.0
922,0.6,0.0020492076873779297,0.0009307861328125
