idBase,_acc,tempo_treino,tempo_teste
943,0.86,0.007013559341430664,0.0
943,0.74,0.008705615997314453,0.008586406707763672
943,0.92,0.0,0.017042875289916992
943,0.88,0.015566110610961914,0.004057884216308594
943,0.82,0.014345884323120117,0.010582685470581055
943,0.92,0.02130293846130371,0.003806591033935547
943,0.84,0.004333972930908203,0.017639875411987305
943,0.84,0.012096405029296875,0.0
943,0.84,0.01287388801574707,0.009001970291137695
943,0.88,0.014278888702392578,0.0016338825225830078
