idBase,_acc,tempo_treino,tempo_teste
965,1.0,0.0,0.0
965,1.0,0.0,0.0
965,1.0,0.014236211776733398,0.0
965,1.0,0.0010175704956054688,0.0
965,1.0,0.0003676414489746094,0.0
965,1.0,0.0,0.0
965,1.0,0.0,0.0
965,1.0,0.0010035037994384766,0.0
965,1.0,0.003290891647338867,0.0010428428649902344
965,1.0,0.0010004043579101562,0.0
