idBase,_acc,tempo_treino,tempo_teste
969,1.0,0.0,0.0
969,1.0,0.0,0.0
969,1.0,0.0,0.0
969,1.0,0.0030040740966796875,0.0009949207305908203
969,1.0,0.0,0.0
969,1.0,0.0,0.0
969,1.0,0.002018451690673828,0.0
969,1.0,0.0010552406311035156,0.0
969,1.0,0.0029108524322509766,0.0
969,1.0,0.0,0.0
