idBase,_acc,tempo_treino,tempo_teste
971,0.995,0.015642404556274414,0.0
971,1.0,0.0051157474517822266,0.0
971,1.0,0.02166604995727539,0.0
971,1.0,0.010106086730957031,0.009058713912963867
971,1.0,0.012462377548217773,0.0
971,1.0,0.023978471755981445,0.0030059814453125
971,1.0,0.0205841064453125,0.0011742115020751953
971,1.0,0.019282817840576172,0.0019936561584472656
971,1.0,0.015335798263549805,0.0
971,1.0,0.017687320709228516,0.0
