idBase,_acc,tempo_treino,tempo_teste
461,1.0,0.11950397491455078,0.019288063049316406
461,1.0,0.12353801727294922,0.0
461,1.0,0.1432325839996338,0.0
461,1.0,0.12622618675231934,0.0
461,0.9,0.14264559745788574,0.0
461,1.0,0.13139820098876953,0.0
461,1.0,0.125504732131958,0.015671253204345703
461,1.0,0.13746094703674316,0.015656709671020508
461,1.0,0.14481091499328613,0.013511419296264648
461,1.0,0.13361549377441406,0.0
