idBase,_acc,tempo_treino,tempo_teste
818,1.0,0.1263747215270996,0.0
818,1.0,0.130814790725708,0.01653432846069336
818,1.0,0.128662109375,0.012219429016113281
818,1.0,0.11866354942321777,0.020351409912109375
818,1.0,0.17353296279907227,0.018036365509033203
818,1.0,0.1451094150543213,0.016295433044433594
818,1.0,0.15270352363586426,0.0
818,1.0,0.1966555118560791,0.019634485244750977
818,1.0,0.18776869773864746,0.0050966739654541016
818,1.0,0.17740368843078613,0.0
