idBase,_acc,tempo_treino,tempo_teste
1016,0.98989898989899,0.0,0.0
1016,0.98989898989899,0.008559465408325195,0.0
1016,1.0,0.004999399185180664,0.0
1016,0.9797979797979798,0.0,0.0
1016,0.9797979797979798,0.005998849868774414,0.0
1016,0.9696969696969697,0.005450248718261719,0.0
1016,0.98989898989899,0.0,0.0
1016,1.0,0.005477190017700195,0.00013780593872070312
1016,0.98989898989899,0.005145549774169922,0.0
1016,0.9797979797979798,0.00501704216003418,0.0
