idBase,_acc,tempo_treino,tempo_teste
1167,0.71875,0.0,0.0
1167,0.4375,0.008080720901489258,0.0
1167,0.625,0.0020449161529541016,0.0
1167,0.625,0.0029888153076171875,0.0
1167,0.84375,0.0010037422180175781,0.0
1167,0.65625,0.0010004043579101562,0.0
1167,0.75,0.0009989738464355469,0.0
1167,0.71875,0.0009984970092773438,0.0
1167,0.71875,0.0010058879852294922,0.0
1167,0.6875,0.0009992122650146484,0.0
