idBase,_acc,tempo_treino,tempo_teste
1547,0.75,0.0,0.0
1547,0.62,0.0168302059173584,0.001005411148071289
1547,0.76,0.004998207092285156,0.0009996891021728516
1547,0.64,0.004016399383544922,0.0
1547,0.63,0.004015207290649414,0.0
1547,0.71,0.004013538360595703,0.0
1547,0.68,0.004996061325073242,0.0
1547,0.69,0.005315542221069336,0.0
1547,0.61,0.006510496139526367,0.0009887218475341797
1547,0.69,0.004070758819580078,0.0014989376068115234
