idBase,_acc,tempo_treino,tempo_teste
1554,0.46,0.0029985904693603516,0.0
1554,0.38,0.002997875213623047,0.0
1554,0.5,0.003049135208129883,0.0
1554,0.4,0.005036830902099609,0.0011262893676757812
1554,0.44,0.003045320510864258,0.00032711029052734375
1554,0.32,0.0039980411529541016,0.0005962848663330078
1554,0.44,0.0030448436737060547,0.0003447532653808594
1554,0.44,0.004000186920166016,0.0007576942443847656
1554,0.36,0.0030443668365478516,0.0
1554,0.38,0.0030431747436523438,0.0009570121765136719
