idBase,_acc,tempo_treino,tempo_teste
1555,0.23,0.027997732162475586,0.0010025501251220703
1555,0.21,0.027518033981323242,0.0
1555,0.21,0.028571367263793945,0.001993894577026367
1555,0.25,0.028996944427490234,0.0010025501251220703
1555,0.26,0.0277254581451416,0.0
1555,0.21,0.02693772315979004,0.0009586811065673828
1555,0.27,0.02848339080810547,0.0
1555,0.23,0.02910637855529785,0.0
1555,0.2,0.02755570411682129,0.0
1555,0.26,0.029630422592163086,0.0010082721710205078
