idBase,_acc,tempo_treino,tempo_teste
716,0.7,0.0019922256469726562,0.0
716,0.8,0.0020170211791992188,0.0009479522705078125
716,0.7,0.0040400028228759766,0.0009725093841552734
716,0.9,0.003024578094482422,0.0
716,0.9,0.002043008804321289,0.0
716,0.7,0.0020346641540527344,0.0009644031524658203
716,0.7,0.0028624534606933594,0.0009648799896240234
716,0.8,0.003032207489013672,0.0
716,0.4,0.002457141876220703,0.0
716,0.9,0.002042531967163086,0.0009925365447998047
