idBase,_acc,tempo_treino,tempo_teste
716,0.7,0.00749969482421875,0.0
716,0.8,0.0008766651153564453,0.0
716,0.7,0.0010418891906738281,0.0
716,0.9,0.002126455307006836,0.000682830810546875
716,0.9,0.0019989013671875,0.0010025501251220703
716,0.7,0.003027677536010742,0.0010061264038085938
716,0.7,0.001737356185913086,0.0
716,0.8,0.0,0.0
716,0.4,0.0,0.0
716,0.9,0.0031523704528808594,5.054473876953125e-05
