idBase,_acc,tempo_treino,tempo_teste
723,0.85,0.016331195831298828,0.0
723,0.87,0.021223068237304688,0.0
723,0.89,0.011575698852539062,0.0
723,0.85,0.025667190551757812,0.0040721893310546875
723,0.86,0.032677650451660156,0.001008749008178711
723,0.84,0.019289016723632812,0.0
723,0.82,0.029148340225219727,0.0
723,0.81,0.030507326126098633,0.0
723,0.88,0.01948261260986328,0.0
723,0.82,0.023021221160888672,0.0
