idBase,_acc,tempo_treino,tempo_teste
723,0.85,0.014951944351196289,0.0
723,0.87,0.01662588119506836,0.0
723,0.89,0.015586376190185547,0.0
723,0.85,0.01577138900756836,0.0
723,0.86,0.016001224517822266,0.000957489013671875
723,0.84,0.01500391960144043,0.0
723,0.82,0.018044710159301758,0.0
723,0.81,0.0186154842376709,0.0
723,0.88,0.01661062240600586,0.0
723,0.82,0.016727447509765625,0.0
