idBase,_acc,tempo_treino,tempo_teste
730,0.88,0.00979161262512207,0.0010197162628173828
730,0.84,0.0031309127807617188,0.0
730,0.8,0.000995635986328125,0.0
730,0.88,0.0009579658508300781,0.0010700225830078125
730,0.92,0.0020170211791992188,0.0007402896881103516
730,0.76,0.0015454292297363281,0.0
730,0.96,0.002073049545288086,0.0
730,1.0,0.0,0.0
730,0.88,0.001998424530029297,0.0008254051208496094
730,0.96,0.002155780792236328,0.0
