idBase,_acc,tempo_treino,tempo_teste
730,0.88,0.0018241405487060547,0.0010008811950683594
730,0.84,0.0020437240600585938,0.0
730,0.8,0.0010013580322265625,0.0
730,0.88,0.0010483264923095703,0.0
730,0.92,0.0013608932495117188,0.0
730,0.76,0.0009968280792236328,0.0009987354278564453
730,0.96,0.0013380050659179688,0.0
730,1.0,0.0010437965393066406,0.0
730,0.88,0.0023643970489501953,0.0
730,0.96,0.001047372817993164,0.0009520053863525391
