idBase,_acc,tempo_treino,tempo_teste
732,0.6,0.0,0.0
732,0.84,0.012550830841064453,0.0
732,0.76,0.0,0.0
732,0.72,0.015639305114746094,0.0
732,0.88,0.0,0.0
732,0.52,0.01568150520324707,0.0
732,0.76,0.0,0.0
732,0.72,0.01562190055847168,0.0
732,0.68,0.0,0.0
732,0.56,0.015578031539916992,0.0
