idBase,_acc,tempo_treino,tempo_teste
734,0.8436363636363636,0.15649628639221191,0.0
734,0.8436363636363636,0.17957329750061035,0.0
734,0.8349090909090909,0.21551108360290527,0.0
734,0.8254545454545454,0.14922571182250977,0.0
734,0.8305454545454546,0.149275541305542,0.0
734,0.8203636363636364,0.16680169105529785,0.0
734,0.8370909090909091,0.16923952102661133,0.0
734,0.8436363636363636,0.16255998611450195,0.0
734,0.824,0.13833832740783691,0.0
734,0.8385454545454546,0.13042759895324707,0.0
