idBase,_acc,tempo_treino,tempo_teste
746,0.92,0.003036022186279297,0.0
746,0.88,0.0,0.0
746,0.88,0.006716012954711914,0.0
746,0.84,0.003081798553466797,0.0
746,0.84,0.006450653076171875,0.0010006427764892578
746,0.72,0.004619121551513672,0.0
746,0.76,0.007108449935913086,0.0
746,0.72,0.0034584999084472656,0.0
746,0.72,0.0,0.0
746,0.8,0.0046844482421875,0.0002918243408203125
