idBase,_acc,tempo_treino,tempo_teste
746,0.92,0.003989219665527344,0.0
746,0.88,0.004038095474243164,0.0
746,0.88,0.003998279571533203,0.0
746,0.84,0.0029916763305664062,0.0
746,0.84,0.003036975860595703,0.0
746,0.72,0.0030455589294433594,0.0009524822235107422
746,0.76,0.003042459487915039,0.0
746,0.72,0.0029897689819335938,0.0
746,0.72,0.0030372142791748047,0.0009653568267822266
746,0.8,0.003973722457885742,0.0
