idBase,_acc,tempo_treino,tempo_teste
749,0.84,0.0019998550415039062,0.0
749,0.86,0.0020427703857421875,0.0
749,0.82,0.0030128955841064453,0.0010056495666503906
749,0.9,0.0030388832092285156,0.0
749,0.84,0.0029311180114746094,0.0
749,0.86,0.002044200897216797,0.0
749,0.82,0.0024106502532958984,0.0
749,0.78,0.0020132064819335938,0.0
749,0.88,0.002803325653076172,0.0
749,0.82,0.0030357837677001953,0.0
