idBase,_acc,tempo_treino,tempo_teste
751,0.84,0.015415191650390625,0.0009703636169433594
751,0.88,0.00699162483215332,0.0
751,0.8,0.0068378448486328125,0.0003762245178222656
751,0.9,0.002058744430541992,0.0
751,0.85,0.007995367050170898,0.0
751,0.81,0.0,0.0
751,0.88,0.007244110107421875,0.0
751,0.91,0.003027677536010742,0.0
751,0.9,0.0068395137786865234,0.001016855239868164
751,0.87,0.0030324459075927734,0.0
