idBase,_acc,tempo_treino,tempo_teste
751,0.84,0.00699925422668457,0.0
751,0.88,0.006917715072631836,0.0009615421295166016
751,0.8,0.007893085479736328,0.0009589195251464844
751,0.9,0.006955623626708984,0.0010025501251220703
751,0.85,0.007001399993896484,0.0
751,0.81,0.00899648666381836,0.0009589195251464844
751,0.88,0.006997108459472656,0.0
751,0.91,0.007996797561645508,0.0
751,0.9,0.006999492645263672,0.0
751,0.87,0.005997180938720703,0.0
