idBase,_acc,tempo_treino,tempo_teste
766,0.82,0.016999006271362305,0.001003265380859375
766,0.8,0.012663602828979492,0.0005121231079101562
766,0.84,0.012993812561035156,0.0
766,0.76,0.011997699737548828,0.0
766,0.78,0.012995243072509766,0.0
766,0.8,0.018482208251953125,0.0
766,0.74,0.012857675552368164,0.0004718303680419922
766,0.78,0.012763023376464844,0.0
766,0.7,0.018461227416992188,0.0
766,0.76,0.014496088027954102,0.0
