idBase,_acc,tempo_treino,tempo_teste
768,0.8,0.0,0.0
768,0.6,0.0028083324432373047,0.0
768,0.6,0.0010411739349365234,0.0
768,0.6,0.0015342235565185547,0.0
768,0.6,0.0,0.0
768,0.6,0.00626683235168457,0.0
768,0.7,0.002857208251953125,0.0
768,0.7,0.0010631084442138672,0.0
768,0.4,0.001707315444946289,0.0
768,0.5,0.0,0.0
