idBase,_acc,tempo_treino,tempo_teste
768,0.8,0.0020008087158203125,0.0
768,0.6,0.0020399093627929688,0.0
768,0.6,0.0018324851989746094,0.0009987354278564453
768,0.6,0.0020465850830078125,0.0009534358978271484
768,0.6,0.0019986629486083984,0.0
768,0.6,0.0010423660278320312,0.0
768,0.7,0.002038717269897461,0.0
768,0.7,0.0020346641540527344,0.0
768,0.4,0.0020449161529541016,0.0
768,0.5,0.002035856246948242,0.0
