idBase,_acc,tempo_treino,tempo_teste
775,0.7,0.0,0.0
775,0.8,0.0030498504638671875,0.0
775,0.7,0.004040241241455078,0.0
775,0.9,0.0020322799682617188,0.0
775,0.8,0.0020051002502441406,0.0
775,0.9,0.0010383129119873047,0.0
775,0.5,0.0019989013671875,0.0
775,0.7,0.0020055770874023438,0.0010128021240234375
775,0.8,0.0019981861114501953,0.0
775,0.7,0.0010349750518798828,0.0
