idBase,_acc,tempo_treino,tempo_teste
775,0.7,0.0,0.0
775,0.8,0.015622377395629883,0.001199960708618164
775,0.7,0.0,0.0
775,0.9,0.0010287761688232422,0.0
775,0.8,0.0020771026611328125,0.0007185935974121094
775,0.9,0.002001047134399414,0.0
775,0.5,0.002377033233642578,0.0
775,0.7,0.0020143985748291016,0.000988006591796875
775,0.8,0.002045154571533203,0.000782012939453125
775,0.7,0.0019986629486083984,0.0
