idBase,_acc,tempo_treino,tempo_teste
779,0.74,0.005995750427246094,0.0
779,0.82,0.006857633590698242,0.000957489013671875
779,0.9,0.008886337280273438,0.0
779,0.82,0.007780790328979492,0.0
779,0.88,0.007901191711425781,0.0
779,0.74,0.007798194885253906,0.0009598731994628906
779,0.82,0.006708621978759766,0.0
779,0.64,0.007886648178100586,0.0
779,0.82,0.006844758987426758,0.0
779,0.84,0.006791114807128906,0.0009565353393554688
