idBase,_acc,tempo_treino,tempo_teste
797,0.81,0.024728775024414062,0.0
797,0.86,0.03888988494873047,0.0
797,0.86,0.03664755821228027,0.0
797,0.85,0.029616594314575195,0.0
797,0.87,0.04519176483154297,0.0
797,0.73,0.03223299980163574,0.0
797,0.73,0.03360104560852051,0.0
797,0.78,0.03513932228088379,0.0
797,0.89,0.03365063667297363,0.0
797,0.81,0.03369903564453125,0.0
