idBase,_acc,tempo_treino,tempo_teste
797,0.81,0.03441643714904785,0.0009601116180419922
797,0.86,0.03341221809387207,0.0
797,0.86,0.03832292556762695,0.0
797,0.85,0.0313115119934082,0.0
797,0.87,0.031215667724609375,0.0
797,0.73,0.04882645606994629,0.0009589195251464844
797,0.73,0.039306640625,0.0
797,0.78,0.0297391414642334,0.0
797,0.89,0.03131842613220215,0.0
797,0.81,0.04954385757446289,0.0
