idBase,_acc,tempo_treino,tempo_teste
805,0.78,0.01100015640258789,0.0009605884552001953
805,0.8,0.013306379318237305,0.0
805,0.9,0.014790534973144531,0.0009541511535644531
805,0.78,0.01581597328186035,0.0
805,0.72,0.014334440231323242,0.0
805,0.76,0.016083478927612305,0.0
805,0.72,0.018263578414916992,0.0
805,0.84,0.014725446701049805,0.0010836124420166016
805,0.84,0.008166790008544922,0.0
805,0.8,0.013020038604736328,0.0
