idBase,_acc,tempo_treino,tempo_teste
806,0.8,0.06539702415466309,0.025056123733520508
806,0.82,0.06019258499145508,0.0
806,0.74,0.0525205135345459,0.0
806,0.86,0.050063133239746094,0.0
806,0.86,0.06674337387084961,0.0
806,0.84,0.06662559509277344,0.0
806,0.81,0.050786495208740234,0.0
806,0.85,0.06612205505371094,0.0
806,0.82,0.05011796951293945,0.0
806,0.86,0.05273795127868652,0.0
