idBase,_acc,tempo_treino,tempo_teste
806,0.8,0.03960776329040527,0.0
806,0.82,0.030589818954467773,0.0
806,0.74,0.032613277435302734,0.008031368255615234
806,0.86,0.03235888481140137,0.0
806,0.86,0.03730010986328125,0.0
806,0.84,0.030406475067138672,0.0
806,0.81,0.04874444007873535,0.0
806,0.85,0.037661075592041016,0.0
806,0.82,0.03141379356384277,0.0
806,0.86,0.03060603141784668,0.0
