idBase,_acc,tempo_treino,tempo_teste
808,0.8,0.0010318756103515625,0.0
808,0.8,0.0,0.0
808,0.8,0.006222724914550781,0.0009784698486328125
808,0.6,0.0022008419036865234,0.0
808,0.8,0.0009970664978027344,0.0004024505615234375
808,0.6,0.0010039806365966797,0.0009989738464355469
808,0.9,0.0020215511322021484,0.0
808,0.8,0.0,0.0
808,0.8,0.005778074264526367,0.0009996891021728516
808,0.7,0.0020041465759277344,0.0
