idBase,_acc,tempo_treino,tempo_teste
812,0.8,0.002000570297241211,0.0
812,0.9,0.0020418167114257812,0.0
812,0.8,0.002048492431640625,0.00042176246643066406
812,0.7,0.0020470619201660156,0.0009505748748779297
812,0.6,0.0017580986022949219,0.0
812,0.7,0.0010035037994384766,0.0
812,0.4,0.001745462417602539,0.0
812,0.8,0.0020313262939453125,0.0
812,0.7,0.001737356185913086,0.0
812,0.9,0.0020422935485839844,0.0
