idBase,_acc,tempo_treino,tempo_teste
812,0.8,0.0050048828125,0.0
812,0.9,0.0030059814453125,0.0010001659393310547
812,0.8,0.003896474838256836,0.0009982585906982422
812,0.7,0.0020935535430908203,0.0
812,0.6,0.003009319305419922,0.0005578994750976562
812,0.7,0.0034067630767822266,0.0
812,0.4,0.001996755599975586,0.0009779930114746094
812,0.8,0.003003358840942383,0.0010018348693847656
812,0.7,0.0,0.0
812,0.9,0.0,0.006770133972167969
