idBase,_acc,tempo_treino,tempo_teste
821,0.8306274681878016,0.5798344612121582,0.0
821,0.836331724440544,0.6131627559661865,0.0
821,0.8262395787626152,0.4699864387512207,0.0
821,0.8345765686704695,0.6219491958618164,0.0
821,0.8419666374012291,0.5295734405517578,0.0
821,0.8305531167690957,0.42955756187438965,0.0
821,0.835820895522388,0.4035344123840332,0.0
821,0.8437225636523266,0.40211033821105957,0.0
821,0.8270412642669008,0.41030120849609375,0.0
821,0.8314310798946444,0.4210960865020752,0.0
