idBase,_acc,tempo_treino,tempo_teste
830,0.88,0.016241073608398438,0.0
830,0.84,0.0,0.0
830,0.88,0.0,0.0
830,0.88,0.0019986629486083984,0.0
830,0.8,0.0019981861114501953,0.0010454654693603516
830,0.88,0.004292726516723633,0.0009813308715820312
830,0.88,0.001998424530029297,0.0
830,0.92,0.0010380744934082031,0.0
830,0.88,0.0030002593994140625,0.0014777183532714844
830,0.84,0.0072476863861083984,0.0
