idBase,_acc,tempo_treino,tempo_teste
830,0.88,0.0020034313201904297,0.0
830,0.84,0.002043485641479492,0.0
830,0.88,0.0020041465759277344,0.0
830,0.88,0.004002809524536133,0.0
830,0.8,0.002997875213623047,0.0009958744049072266
830,0.88,0.0030007362365722656,0.0
830,0.88,0.002982616424560547,0.0
830,0.92,0.002995729446411133,0.0010004043579101562
830,0.88,0.004001140594482422,0.0010037422180175781
830,0.84,0.0010459423065185547,0.0
