idBase,_acc,tempo_treino,tempo_teste
832,0.76,0.0,0.0
832,0.8,0.0,0.0
832,0.92,0.0047817230224609375,0.0
832,0.76,0.0,0.0
832,0.84,0.008395671844482422,0.0
832,0.84,0.004801511764526367,0.0009558200836181641
832,0.72,0.002134561538696289,0.0
832,0.64,0.004055976867675781,0.0009429454803466797
832,0.88,0.005223274230957031,0.0
832,0.8,0.0010225772857666016,0.0
