idBase,_acc,tempo_treino,tempo_teste
832,0.76,0.003998279571533203,0.001001119613647461
832,0.8,0.0039980411529541016,0.001001119613647461
832,0.92,0.0030024051666259766,0.0
832,0.76,0.0040013790130615234,0.0010001659393310547
832,0.84,0.0043752193450927734,0.0
832,0.84,0.003996610641479492,0.0009677410125732422
832,0.72,0.004025697708129883,0.0009741783142089844
832,0.64,0.004004478454589844,0.0
832,0.88,0.004992246627807617,0.0
832,0.8,0.004972934722900391,0.0
