idBase,_acc,tempo_treino,tempo_teste
837,0.81,0.0462491512298584,0.0
837,0.87,0.03843212127685547,0.0
837,0.82,0.03523063659667969,0.000972747802734375
837,0.83,0.033416748046875,0.0
837,0.88,0.06407690048217773,0.0
837,0.8,0.037085533142089844,0.0
837,0.87,0.0619964599609375,0.0
837,0.81,0.0357973575592041,0.0
837,0.84,0.03783726692199707,0.0
837,0.82,0.03651022911071777,0.0
