idBase,_acc,tempo_treino,tempo_teste
855,0.8,0.0,0.0
855,0.78,0.015650272369384766,0.0
855,0.82,0.0,0.0
855,0.8,0.0,0.0
855,0.9,0.0,0.0
855,0.76,0.0,0.0
855,0.82,0.01563119888305664,0.0
855,0.86,0.0,0.0
855,0.78,0.016603946685791016,0.0
855,0.86,0.0021734237670898438,0.0
