idBase,_acc,tempo_treino,tempo_teste
866,0.81,0.041257381439208984,0.0
866,0.83,0.03267621994018555,0.0
866,0.87,0.03663897514343262,0.0
866,0.8,0.03543972969055176,0.0009984970092773438
866,0.84,0.03560233116149902,0.0
866,0.81,0.039490699768066406,0.0
866,0.82,0.03801727294921875,0.0
866,0.9,0.03286337852478027,0.0009992122650146484
866,0.82,0.0328066349029541,0.0009984970092773438
866,0.85,0.030562400817871094,0.0
