idBase,_acc,tempo_treino,tempo_teste
866,0.81,0.04449915885925293,0.0
866,0.83,0.03449225425720215,0.0
866,0.87,0.03278803825378418,0.0
866,0.8,0.04106450080871582,0.0
866,0.84,0.04407382011413574,0.0
866,0.81,0.04816174507141113,0.0
866,0.82,0.0349879264831543,0.0
866,0.9,0.03802013397216797,0.0
866,0.82,0.03278851509094238,0.0
866,0.85,0.04931044578552246,0.0
