idBase,_acc,tempo_treino,tempo_teste
873,0.68,0.005030393600463867,0.0
873,0.8,0.011004447937011719,0.0
873,0.76,0.0070476531982421875,0.0
873,0.8,0.006039857864379883,0.0
873,0.72,0.006037712097167969,0.0
873,0.88,0.006002187728881836,0.0009975433349609375
873,0.92,0.005998134613037109,0.0010001659393310547
873,0.72,0.006003379821777344,0.0
873,0.92,0.00799870491027832,0.0
873,0.88,0.005819559097290039,0.0
