idBase,_acc,tempo_treino,tempo_teste
876,0.2,0.0029993057250976562,0.0
876,0.5,0.002529144287109375,0.0
876,0.9,0.0023899078369140625,0.0
876,0.6,0.0019989013671875,0.0003895759582519531
876,0.8,0.003004312515258789,0.0
876,0.8,0.0024755001068115234,0.0
876,0.7,0.002041339874267578,0.0009551048278808594
876,0.6,0.0020470619201660156,0.0009565353393554688
876,0.9,0.0031158924102783203,0.0
876,0.6,0.0020427703857421875,0.0
