idBase,_acc,tempo_treino,tempo_teste
876,0.2,0.00501704216003418,0.0
876,0.5,0.003988742828369141,0.0009965896606445312
876,0.9,0.002996683120727539,0.0
876,0.6,0.007630586624145508,0.0010404586791992188
876,0.8,0.005370140075683594,0.0009365081787109375
876,0.8,0.0,0.0
876,0.7,0.005600929260253906,0.0
876,0.6,0.0010445117950439453,0.0
876,0.9,0.006930828094482422,0.0010051727294921875
876,0.6,0.00476527214050293,0.0010023117065429688
