idBase,_acc,tempo_treino,tempo_teste
877,0.76,0.008076667785644531,0.0
877,0.88,0.0,0.0
877,0.8,0.0,0.0
877,0.84,0.012198209762573242,0.0
877,0.68,0.008085250854492188,0.0
877,0.88,0.0,0.0
877,0.84,0.0020995140075683594,0.0
877,0.6,0.008097648620605469,0.0
877,0.76,0.0,0.010048627853393555
877,0.72,0.0020875930786132812,0.0
