idBase,_acc,tempo_treino,tempo_teste
879,0.78,0.012188911437988281,0.0
879,0.72,0.010169506072998047,0.0
879,0.8,0.008097410202026367,0.0
879,0.84,0.012143135070800781,0.0
879,0.86,0.010145902633666992,0.0
879,0.72,0.010152101516723633,0.0
879,0.74,0.008083105087280273,0.0
879,0.84,0.008007526397705078,0.0
879,0.78,0.002081632614135742,0.0
879,0.84,0.002084016799926758,0.0
