idBase,_acc,tempo_treino,tempo_teste
896,0.82,0.007998228073120117,0.0
896,0.9,0.006865739822387695,0.0
896,0.8,0.00787973403930664,0.0
896,0.76,0.008919715881347656,0.0
896,0.8,0.007811546325683594,0.0010001659393310547
896,0.88,0.0077571868896484375,0.0
896,0.88,0.006798744201660156,0.0
896,0.76,0.007912635803222656,0.0010001659393310547
896,0.9,0.0073664188385009766,0.0
896,0.76,0.006854534149169922,0.0
