idBase,_acc,tempo_treino,tempo_teste
900,0.675,0.0059986114501953125,0.0010044574737548828
900,0.6,0.0031261444091796875,0.0
900,0.475,0.0030405521392822266,0.0
900,0.45,0.0030477046966552734,0.000946044921875
900,0.475,0.004038572311401367,0.0
900,0.55,0.001994609832763672,0.0
900,0.575,0.003971099853515625,0.0
900,0.425,0.0038018226623535156,0.0
900,0.5,0.002998828887939453,0.0
900,0.55,0.005037546157836914,0.0
