idBase,_acc,tempo_treino,tempo_teste
909,0.525,0.003995656967163086,0.0009555816650390625
909,0.6,0.003997802734375,0.0
909,0.55,0.003003358840942383,0.0010008811950683594
909,0.6,0.003004312515258789,0.0010001659393310547
909,0.575,0.003003835678100586,0.0
909,0.575,0.0033431053161621094,0.0010020732879638672
909,0.4,0.003997802734375,0.0
909,0.425,0.0035228729248046875,0.0
909,0.625,0.0030028820037841797,0.0010008811950683594
909,0.375,0.0028715133666992188,0.0
