idBase,_acc,tempo_treino,tempo_teste
917,0.85,0.01734161376953125,0.0
917,0.86,0.0020589828491210938,0.0017261505126953125
917,0.89,0.02074885368347168,0.0
917,0.82,0.010703563690185547,0.0
917,0.83,0.026474952697753906,0.001055002212524414
917,0.82,0.013625621795654297,0.0
917,0.89,0.018184661865234375,0.0
917,0.75,0.018119335174560547,0.0
917,0.84,0.018767833709716797,0.0
917,0.8,0.01735234260559082,0.0
