idBase,_acc,tempo_treino,tempo_teste
917,0.85,0.015573978424072266,0.0
917,0.86,0.015674591064453125,0.0
917,0.89,0.06864714622497559,0.0
917,0.82,0.015627145767211914,0.0
917,0.83,0.01567363739013672,0.0
917,0.82,0.015572071075439453,0.0
917,0.89,0.017485380172729492,0.0
917,0.75,0.02272486686706543,0.0
917,0.84,0.017159461975097656,0.0
917,0.8,0.01818537712097168,0.0010030269622802734
