idBase,_acc,tempo_treino,tempo_teste
918,0.72,0.0,0.0
918,0.88,0.0,0.015583992004394531
918,0.84,0.0,0.0
918,0.72,0.0156252384185791,0.0
918,0.8,0.0,0.0
918,0.72,0.015666484832763672,0.0
918,0.72,0.0,0.0
918,0.64,0.015584468841552734,0.0
918,0.72,0.0,0.0
918,0.76,0.007997512817382812,0.0
