idBase,_acc,tempo_treino,tempo_teste
932,0.8,0.0,0.0
932,0.9,0.0,0.0
932,0.7,0.015658855438232422,0.0
932,0.8,0.0,0.0
932,0.5,0.0,0.0
932,1.0,0.015624284744262695,0.0
932,0.8,0.0,0.006015300750732422
932,0.6,0.0,0.0
932,0.6,0.0,0.0
932,0.9,0.0,0.0
