idBase,_acc,tempo_treino,tempo_teste
932,0.8,0.0,0.0
932,0.9,0.0,0.0
932,0.7,0.004328489303588867,0.0
932,0.8,0.001085042953491211,0.0
932,0.5,0.0020322799682617188,0.0
932,1.0,0.0028352737426757812,0.0
932,0.8,0.0007951259613037109,0.0
932,0.6,0.0020024776458740234,0.0
932,0.6,0.002107381820678711,0.0
932,0.9,0.0027379989624023438,0.0010004043579101562
