idBase,_acc,tempo_treino,tempo_teste
933,0.64,0.0,0.0
933,0.84,0.0015773773193359375,0.0
933,0.88,0.0040013790130615234,0.0009961128234863281
933,0.64,0.0034034252166748047,0.0
933,0.92,0.004427909851074219,0.0
933,0.8,0.0015528202056884766,0.0
933,0.8,0.008883237838745117,0.0005409717559814453
933,0.76,0.004103183746337891,0.0
933,0.84,0.0,0.0
933,0.8,0.008947372436523438,1.7404556274414062e-05
