idBase,_acc,tempo_treino,tempo_teste
933,0.64,0.0,0.0
933,0.84,0.0,0.0
933,0.88,0.01566004753112793,0.0
933,0.64,0.0,0.0
933,0.92,0.015645742416381836,0.0
933,0.8,0.0,0.007016420364379883
933,0.8,0.0,0.0
933,0.76,0.0,0.0
933,0.84,0.01568150520324707,0.0
933,0.8,0.0,0.0
