idBase,_acc,tempo_treino,tempo_teste
935,0.84,0.0,0.0
935,0.72,0.0,0.0
935,0.84,0.017315149307250977,0.0009908676147460938
935,0.88,0.0,0.0
935,0.88,0.0030052661895751953,0.0009944438934326172
935,0.88,0.0055387020111083984,0.0010974407196044922
935,0.84,0.0019974708557128906,0.0
935,0.96,0.0019996166229248047,0.0
935,0.8,0.0031299591064453125,0.0009999275207519531
935,0.92,0.004475831985473633,0.0
