idBase,_acc,tempo_treino,tempo_teste
935,0.84,0.002001047134399414,0.0010006427764892578
935,0.72,0.0030035972595214844,0.0
935,0.84,0.002003192901611328,0.0
935,0.88,0.0027704238891601562,0.0009653568267822266
935,0.88,0.0020074844360351562,0.0
935,0.88,0.0020041465759277344,0.0
935,0.84,0.002413511276245117,0.0
935,0.96,0.0019974708557128906,0.0
935,0.8,0.0025055408477783203,0.0
935,0.92,0.0019991397857666016,0.001001119613647461
