idBase,_acc,tempo_treino,tempo_teste
937,0.7,0.01831364631652832,0.0009768009185791016
937,0.88,0.012000322341918945,0.0
937,0.8,0.012447834014892578,0.0
937,0.86,0.003069162368774414,0.0
937,0.76,0.012508153915405273,0.0
937,0.9,0.015095710754394531,0.0010077953338623047
937,0.76,0.014261245727539062,0.000102996826171875
937,0.7,0.015099048614501953,0.0
937,0.86,0.012687444686889648,0.0
937,0.86,0.012460947036743164,0.0005133152008056641
