idBase,_acc,tempo_treino,tempo_teste
959,1.0,0.015627384185791016,0.0
959,1.0,0.030327320098876953,0.0003235340118408203
959,1.0,0.03476762771606445,0.0
959,1.0,0.037032365798950195,0.0
959,1.0,0.033568382263183594,0.0
959,1.0,0.021848440170288086,8.821487426757812e-05
959,1.0,0.03891301155090332,0.0
959,1.0,0.02748250961303711,0.0010166168212890625
959,1.0,0.018411636352539062,0.0010066032409667969
959,1.0,0.028533935546875,0.0010004043579101562
