idBase,_acc,tempo_treino,tempo_teste
977,0.9905,0.04693341255187988,0.0
977,0.9925,0.06368327140808105,0.0
977,0.9935,0.06646347045898438,0.0
977,0.9905,0.06687068939208984,0.0
977,0.9935,0.06655287742614746,0.0
977,0.9935,0.06751513481140137,0.0
977,0.9895,0.0647587776184082,0.0
977,0.994,0.0858004093170166,0.0009601116180419922
977,0.996,0.07005429267883301,0.0
977,0.994,0.09109759330749512,0.0
