idBase,_acc,tempo_treino,tempo_teste
1025,0.75,0.010766267776489258,0.0
1025,0.85,0.0,0.013768434524536133
1025,0.825,0.0069103240966796875,0.002007722854614258
1025,0.775,0.0,0.006835460662841797
1025,0.75,0.0021021366119384766,0.0
1025,0.85,0.0,0.013723611831665039
1025,0.875,0.00770878791809082,0.0022401809692382812
1025,0.825,0.004591464996337891,0.0026285648345947266
1025,0.85,0.005862236022949219,0.0009982585906982422
1025,0.775,0.004467010498046875,0.0024292469024658203
