idBase,_acc,tempo_treino,tempo_teste
461,0.9,0.0,0.0
461,0.9,0.003996133804321289,0.0011854171752929688
461,0.9,0.003057241439819336,0.0008749961853027344
461,0.6,0.0026149749755859375,0.0015006065368652344
461,0.9,0.00519561767578125,0.0
461,0.8,0.0,0.0
461,0.9,0.008410215377807617,0.0013613700866699219
461,0.6,0.0037178993225097656,0.002803325653076172
461,0.8,0.0029973983764648438,0.0018434524536132812
461,0.6,0.003059864044189453,0.0008304119110107422
