idBase,_acc,tempo_treino,tempo_teste
906,0.475,0.017041921615600586,0.0
906,0.4,0.0,0.01172327995300293
906,0.525,0.0019829273223876953,0.00785064697265625
906,0.5,0.007517576217651367,0.0019998550415039062
906,0.5,0.0060117244720458984,0.0
906,0.45,0.008027315139770508,0.0
906,0.55,0.011678934097290039,0.0030701160430908203
906,0.5,0.0011050701141357422,0.008760690689086914
906,0.6,0.008769512176513672,0.007187604904174805
906,0.5,0.006774425506591797,0.0
