idBase,_acc,tempo_treino,tempo_teste
969,1.0,0.0,0.0
969,1.0,0.0,0.0
969,1.0,0.0034809112548828125,0.0003669261932373047
969,1.0,0.0011129379272460938,0.0030460357666015625
969,1.0,0.002056121826171875,0.0008223056793212891
969,1.0,0.004208087921142578,0.0
969,1.0,0.00594782829284668,0.001706838607788086
969,1.0,0.003061056137084961,0.0010323524475097656
969,1.0,0.0026082992553710938,0.0031461715698242188
969,1.0,0.0030586719512939453,0.0017659664154052734
